rx_ts_sec,src_ip,src_port,apid_hex,type,seq,total_bytes,shf,sec_mode,sec_len,mic_state,mic_value,user_len,note
1761179345.444595,127.0.0.1,49482,0x0b3,TC,0,144,1,ns8,8,none,,130,
1761179345.446750,127.0.0.1,49482,0x07f,TM,0,70,1,fixed:8,8,none,,56,
1761179345.449011,127.0.0.1,49482,0x0b3,TC,1,144,1,ns8,8,none,,130,
1761179345.451089,127.0.0.1,49482,0x07f,TM,1,70,1,fixed:8,8,none,,56,
1761179345.453179,127.0.0.1,49482,0x0b3,TC,2,144,1,ns8,8,none,,130,
1761179345.455291,127.0.0.1,49482,0x07f,TM,2,70,1,fixed:8,8,none,,56,
1761179345.457381,127.0.0.1,49482,0x0b3,TC,3,144,1,ns8,8,none,,130,
1761179345.459596,127.0.0.1,49482,0x07f,TM,3,70,1,fixed:8,8,none,,56,
1761179345.461764,127.0.0.1,49482,0x0b3,TC,4,144,1,ns8,8,none,,130,
1761179345.463933,127.0.0.1,49482,0x07f,TM,4,70,1,fixed:8,8,none,,56,
1761179345.466000,127.0.0.1,49482,0x0b3,TC,5,144,1,ns8,8,none,,130,
1761179345.468121,127.0.0.1,49482,0x07f,TM,5,70,1,fixed:8,8,none,,56,
1761179345.470221,127.0.0.1,49482,0x0b3,TC,6,144,1,ns8,8,none,,130,
1761179345.472353,127.0.0.1,49482,0x07f,TM,6,70,1,fixed:8,8,none,,56,
1761179345.474527,127.0.0.1,49482,0x0b3,TC,7,144,1,ns8,8,none,,130,
1761179345.476583,127.0.0.1,49482,0x07f,TM,7,70,1,fixed:8,8,none,,56,
1761179345.478691,127.0.0.1,49482,0x0b3,TC,8,144,1,ns8,8,none,,130,
1761179345.480847,127.0.0.1,49482,0x07f,TM,8,70,1,fixed:8,8,none,,56,
1761179345.483048,127.0.0.1,49482,0x0b3,TC,9,144,1,ns8,8,none,,130,
1761179345.485147,127.0.0.1,49482,0x07f,TM,9,70,1,fixed:8,8,none,,56,
1761179345.487275,127.0.0.1,49482,0x0b3,TC,10,144,1,ns8,8,none,,130,
1761179345.489417,127.0.0.1,49482,0x07f,TM,10,70,1,fixed:8,8,none,,56,
1761179345.491536,127.0.0.1,49482,0x0b3,TC,11,144,1,ns8,8,none,,130,
1761179345.493651,127.0.0.1,49482,0x07f,TM,11,70,1,fixed:8,8,none,,56,
1761179345.495728,127.0.0.1,49482,0x0b3,TC,12,144,1,ns8,8,none,,130,
1761179345.497869,127.0.0.1,49482,0x07f,TM,12,70,1,fixed:8,8,none,,56,
1761179345.499932,127.0.0.1,49482,0x0b3,TC,13,144,1,ns8,8,none,,130,
1761179345.502052,127.0.0.1,49482,0x07f,TM,13,70,1,fixed:8,8,none,,56,
1761179345.504163,127.0.0.1,49482,0x0b3,TC,14,144,1,ns8,8,none,,130,
1761179345.506282,127.0.0.1,49482,0x07f,TM,14,70,1,fixed:8,8,none,,56,
1761179345.508405,127.0.0.1,49482,0x0b3,TC,15,144,1,ns8,8,none,,130,
1761179345.510623,127.0.0.1,49482,0x07f,TM,15,70,1,fixed:8,8,none,,56,
1761179345.512969,127.0.0.1,49482,0x0b3,TC,16,144,1,ns8,8,none,,130,
1761179345.515101,127.0.0.1,49482,0x07f,TM,16,70,1,fixed:8,8,none,,56,
1761179345.517206,127.0.0.1,49482,0x0b3,TC,17,144,1,ns8,8,none,,130,
1761179345.519391,127.0.0.1,49482,0x07f,TM,17,70,1,fixed:8,8,none,,56,
1761179345.521521,127.0.0.1,49482,0x0b3,TC,18,144,1,ns8,8,none,,130,
1761179345.523630,127.0.0.1,49482,0x07f,TM,18,70,1,fixed:8,8,none,,56,
1761179345.525658,127.0.0.1,49482,0x0b3,TC,19,144,1,ns8,8,none,,130,
1761179345.527805,127.0.0.1,49482,0x07f,TM,19,70,1,fixed:8,8,none,,56,
1761179345.529975,127.0.0.1,49482,0x0b3,TC,20,144,1,ns8,8,none,,130,
1761179345.532116,127.0.0.1,49482,0x07f,TM,20,70,1,fixed:8,8,none,,56,
1761179345.534250,127.0.0.1,49482,0x0b3,TC,21,144,1,ns8,8,none,,130,
1761179345.536391,127.0.0.1,49482,0x07f,TM,21,70,1,fixed:8,8,none,,56,
1761179345.538534,127.0.0.1,49482,0x0b3,TC,22,144,1,ns8,8,none,,130,
1761179345.540631,127.0.0.1,49482,0x07f,TM,22,70,1,fixed:8,8,none,,56,
1761179345.542763,127.0.0.1,49482,0x0b3,TC,23,144,1,ns8,8,none,,130,
1761179345.544992,127.0.0.1,49482,0x07f,TM,23,70,1,fixed:8,8,none,,56,
1761179345.547262,127.0.0.1,49482,0x0b3,TC,24,144,1,ns8,8,none,,130,
1761179345.549386,127.0.0.1,49482,0x07f,TM,24,70,1,fixed:8,8,none,,56,
1761179345.551702,127.0.0.1,49482,0x0b3,TC,25,144,1,ns8,8,none,,130,
1761179345.553912,127.0.0.1,49482,0x07f,TM,25,70,1,fixed:8,8,none,,56,
1761179345.556177,127.0.0.1,49482,0x0b3,TC,26,144,1,ns8,8,none,,130,
1761179345.558255,127.0.0.1,49482,0x07f,TM,26,70,1,fixed:8,8,none,,56,
1761179345.560434,127.0.0.1,49482,0x0b3,TC,27,144,1,ns8,8,none,,130,
1761179345.562586,127.0.0.1,49482,0x07f,TM,27,70,1,fixed:8,8,none,,56,
1761179345.564768,127.0.0.1,49482,0x0b3,TC,28,144,1,ns8,8,none,,130,
1761179345.566974,127.0.0.1,49482,0x07f,TM,28,70,1,fixed:8,8,none,,56,
1761179345.569122,127.0.0.1,49482,0x0b3,TC,29,144,1,ns8,8,none,,130,
1761179345.571300,127.0.0.1,49482,0x07f,TM,29,70,1,fixed:8,8,none,,56,
1761179345.573469,127.0.0.1,49482,0x0b3,TC,30,144,1,ns8,8,none,,130,
1761179345.575660,127.0.0.1,49482,0x07f,TM,30,70,1,fixed:8,8,none,,56,
1761179345.577807,127.0.0.1,49482,0x0b3,TC,31,144,1,ns8,8,none,,130,
1761179345.579920,127.0.0.1,49482,0x07f,TM,31,70,1,fixed:8,8,none,,56,
1761179345.582047,127.0.0.1,49482,0x0b3,TC,32,144,1,ns8,8,none,,130,
1761179345.584251,127.0.0.1,49482,0x07f,TM,32,70,1,fixed:8,8,none,,56,
1761179345.586478,127.0.0.1,49482,0x0b3,TC,33,144,1,ns8,8,none,,130,
1761179345.588705,127.0.0.1,49482,0x07f,TM,33,70,1,fixed:8,8,none,,56,
1761179345.590916,127.0.0.1,49482,0x0b3,TC,34,144,1,ns8,8,none,,130,
1761179345.593143,127.0.0.1,49482,0x07f,TM,34,70,1,fixed:8,8,none,,56,
1761179345.595288,127.0.0.1,49482,0x0b3,TC,35,144,1,ns8,8,none,,130,
1761179345.597466,127.0.0.1,49482,0x07f,TM,35,70,1,fixed:8,8,none,,56,
1761179345.599655,127.0.0.1,49482,0x0b3,TC,36,144,1,ns8,8,none,,130,
1761179345.602016,127.0.0.1,49482,0x07f,TM,36,70,1,fixed:8,8,none,,56,
1761179345.604207,127.0.0.1,49482,0x0b3,TC,37,144,1,ns8,8,none,,130,
1761179345.606328,127.0.0.1,49482,0x07f,TM,37,70,1,fixed:8,8,none,,56,
1761179345.608465,127.0.0.1,49482,0x0b3,TC,38,144,1,ns8,8,none,,130,
1761179345.610584,127.0.0.1,49482,0x07f,TM,38,70,1,fixed:8,8,none,,56,
1761179345.612693,127.0.0.1,49482,0x0b3,TC,39,144,1,ns8,8,none,,130,
1761179345.614814,127.0.0.1,49482,0x07f,TM,39,70,1,fixed:8,8,none,,56,
1761179345.616904,127.0.0.1,49482,0x0b3,TC,40,144,1,ns8,8,none,,130,
1761179345.618989,127.0.0.1,49482,0x07f,TM,40,70,1,fixed:8,8,none,,56,
1761179345.621125,127.0.0.1,49482,0x0b3,TC,41,144,1,ns8,8,none,,130,
1761179345.623204,127.0.0.1,49482,0x07f,TM,41,70,1,fixed:8,8,none,,56,
1761179345.625278,127.0.0.1,49482,0x0b3,TC,42,144,1,ns8,8,none,,130,
1761179345.627379,127.0.0.1,49482,0x07f,TM,42,70,1,fixed:8,8,none,,56,
1761179345.629471,127.0.0.1,49482,0x0b3,TC,43,144,1,ns8,8,none,,130,
1761179345.631593,127.0.0.1,49482,0x07f,TM,43,70,1,fixed:8,8,none,,56,
1761179345.633696,127.0.0.1,49482,0x0b3,TC,44,144,1,ns8,8,none,,130,
1761179345.635871,127.0.0.1,49482,0x07f,TM,44,70,1,fixed:8,8,none,,56,
1761179345.637933,127.0.0.1,49482,0x0b3,TC,45,144,1,ns8,8,none,,130,
1761179345.640019,127.0.0.1,49482,0x07f,TM,45,70,1,fixed:8,8,none,,56,
1761179345.642262,127.0.0.1,49482,0x0b3,TC,46,144,1,ns8,8,none,,130,
1761179345.644461,127.0.0.1,49482,0x07f,TM,46,70,1,fixed:8,8,none,,56,
1761179345.646601,127.0.0.1,49482,0x0b3,TC,47,144,1,ns8,8,none,,130,
1761179345.648748,127.0.0.1,49482,0x07f,TM,47,70,1,fixed:8,8,none,,56,
1761179345.650928,127.0.0.1,49482,0x0b3,TC,48,144,1,ns8,8,none,,130,
1761179345.653062,127.0.0.1,49482,0x07f,TM,48,70,1,fixed:8,8,none,,56,
1761179345.655228,127.0.0.1,49482,0x0b3,TC,49,144,1,ns8,8,none,,130,
1761179345.657357,127.0.0.1,49482,0x07f,TM,49,70,1,fixed:8,8,none,,56,
1761179345.659514,127.0.0.1,49482,0x0b3,TC,50,144,1,ns8,8,none,,130,
1761179345.661692,127.0.0.1,49482,0x07f,TM,50,70,1,fixed:8,8,none,,56,
1761179345.663935,127.0.0.1,49482,0x0b3,TC,51,144,1,ns8,8,none,,130,
1761179345.666052,127.0.0.1,49482,0x07f,TM,51,70,1,fixed:8,8,none,,56,
1761179345.668189,127.0.0.1,49482,0x0b3,TC,52,144,1,ns8,8,none,,130,
1761179345.670319,127.0.0.1,49482,0x07f,TM,52,70,1,fixed:8,8,none,,56,
1761179345.672450,127.0.0.1,49482,0x0b3,TC,53,144,1,ns8,8,none,,130,
1761179345.674541,127.0.0.1,49482,0x07f,TM,53,70,1,fixed:8,8,none,,56,
1761179345.676653,127.0.0.1,49482,0x0b3,TC,54,144,1,ns8,8,none,,130,
1761179345.678780,127.0.0.1,49482,0x07f,TM,54,70,1,fixed:8,8,none,,56,
1761179345.680924,127.0.0.1,49482,0x0b3,TC,55,144,1,ns8,8,none,,130,
1761179345.683091,127.0.0.1,49482,0x07f,TM,55,70,1,fixed:8,8,none,,56,
1761179345.685243,127.0.0.1,49482,0x0b3,TC,56,144,1,ns8,8,none,,130,
1761179345.687356,127.0.0.1,49482,0x07f,TM,56,70,1,fixed:8,8,none,,56,
1761179345.689491,127.0.0.1,49482,0x0b3,TC,57,144,1,ns8,8,none,,130,
1761179345.691603,127.0.0.1,49482,0x07f,TM,57,70,1,fixed:8,8,none,,56,
1761179345.693698,127.0.0.1,49482,0x0b3,TC,58,144,1,ns8,8,none,,130,
1761179345.695797,127.0.0.1,49482,0x07f,TM,58,70,1,fixed:8,8,none,,56,
1761179345.698014,127.0.0.1,49482,0x0b3,TC,59,144,1,ns8,8,none,,130,
1761179345.700114,127.0.0.1,49482,0x07f,TM,59,70,1,fixed:8,8,none,,56,
1761179345.702217,127.0.0.1,49482,0x0b3,TC,60,144,1,ns8,8,none,,130,
1761179345.704355,127.0.0.1,49482,0x07f,TM,60,70,1,fixed:8,8,none,,56,
1761179345.706472,127.0.0.1,49482,0x0b3,TC,61,144,1,ns8,8,none,,130,
1761179345.708587,127.0.0.1,49482,0x07f,TM,61,70,1,fixed:8,8,none,,56,
1761179345.710755,127.0.0.1,49482,0x0b3,TC,62,144,1,ns8,8,none,,130,
1761179345.712878,127.0.0.1,49482,0x07f,TM,62,70,1,fixed:8,8,none,,56,
1761179345.715074,127.0.0.1,49482,0x0b3,TC,63,144,1,ns8,8,none,,130,
1761179345.717129,127.0.0.1,49482,0x07f,TM,63,70,1,fixed:8,8,none,,56,
1761179345.719269,127.0.0.1,49482,0x0b3,TC,64,144,1,ns8,8,none,,130,
1761179345.721416,127.0.0.1,49482,0x07f,TM,64,70,1,fixed:8,8,none,,56,
1761179345.723552,127.0.0.1,49482,0x0b3,TC,65,144,1,ns8,8,none,,130,
1761179345.725683,127.0.0.1,49482,0x07f,TM,65,70,1,fixed:8,8,none,,56,
1761179345.727677,127.0.0.1,49482,0x0b3,TC,66,144,1,ns8,8,none,,130,
1761179345.729774,127.0.0.1,49482,0x07f,TM,66,70,1,fixed:8,8,none,,56,
1761179345.731895,127.0.0.1,49482,0x0b3,TC,67,144,1,ns8,8,none,,130,
1761179345.733972,127.0.0.1,49482,0x07f,TM,67,70,1,fixed:8,8,none,,56,
1761179345.736050,127.0.0.1,49482,0x0b3,TC,68,144,1,ns8,8,none,,130,
1761179345.738168,127.0.0.1,49482,0x07f,TM,68,70,1,fixed:8,8,none,,56,
1761179345.740322,127.0.0.1,49482,0x0b3,TC,69,144,1,ns8,8,none,,130,
1761179345.742458,127.0.0.1,49482,0x07f,TM,69,70,1,fixed:8,8,none,,56,
1761179345.744604,127.0.0.1,49482,0x0b3,TC,70,144,1,ns8,8,none,,130,
1761179345.746734,127.0.0.1,49482,0x07f,TM,70,70,1,fixed:8,8,none,,56,
1761179345.748863,127.0.0.1,49482,0x0b3,TC,71,144,1,ns8,8,none,,130,
1761179345.750907,127.0.0.1,49482,0x07f,TM,71,70,1,fixed:8,8,none,,56,
1761179345.753013,127.0.0.1,49482,0x0b3,TC,72,144,1,ns8,8,none,,130,
1761179345.755139,127.0.0.1,49482,0x07f,TM,72,70,1,fixed:8,8,none,,56,
1761179345.757226,127.0.0.1,49482,0x0b3,TC,73,144,1,ns8,8,none,,130,
1761179345.759352,127.0.0.1,49482,0x07f,TM,73,70,1,fixed:8,8,none,,56,
1761179345.761504,127.0.0.1,49482,0x0b3,TC,74,144,1,ns8,8,none,,130,
1761179345.763607,127.0.0.1,49482,0x07f,TM,74,70,1,fixed:8,8,none,,56,
1761179345.765736,127.0.0.1,49482,0x0b3,TC,75,144,1,ns8,8,none,,130,
1761179345.767855,127.0.0.1,49482,0x07f,TM,75,70,1,fixed:8,8,none,,56,
1761179345.769906,127.0.0.1,49482,0x0b3,TC,76,144,1,ns8,8,none,,130,
1761179345.772074,127.0.0.1,49482,0x07f,TM,76,70,1,fixed:8,8,none,,56,
1761179345.774190,127.0.0.1,49482,0x0b3,TC,77,144,1,ns8,8,none,,130,
1761179345.776318,127.0.0.1,49482,0x07f,TM,77,70,1,fixed:8,8,none,,56,
1761179345.778418,127.0.0.1,49482,0x0b3,TC,78,144,1,ns8,8,none,,130,
1761179345.780737,127.0.0.1,49482,0x07f,TM,78,70,1,fixed:8,8,none,,56,
1761179345.782923,127.0.0.1,49482,0x0b3,TC,79,144,1,ns8,8,none,,130,
1761179345.785004,127.0.0.1,49482,0x07f,TM,79,70,1,fixed:8,8,none,,56,
1761179345.787098,127.0.0.1,49482,0x0b3,TC,80,144,1,ns8,8,none,,130,
1761179345.789228,127.0.0.1,49482,0x07f,TM,80,70,1,fixed:8,8,none,,56,
1761179345.791353,127.0.0.1,49482,0x0b3,TC,81,144,1,ns8,8,none,,130,
1761179345.793451,127.0.0.1,49482,0x07f,TM,81,70,1,fixed:8,8,none,,56,
1761179345.795705,127.0.0.1,49482,0x0b3,TC,82,144,1,ns8,8,none,,130,
1761179345.797918,127.0.0.1,49482,0x07f,TM,82,70,1,fixed:8,8,none,,56,
1761179345.800003,127.0.0.1,49482,0x0b3,TC,83,144,1,ns8,8,none,,130,
1761179345.802123,127.0.0.1,49482,0x07f,TM,83,70,1,fixed:8,8,none,,56,
1761179345.804223,127.0.0.1,49482,0x0b3,TC,84,144,1,ns8,8,none,,130,
1761179345.806333,127.0.0.1,49482,0x07f,TM,84,70,1,fixed:8,8,none,,56,
1761179345.808454,127.0.0.1,49482,0x0b3,TC,85,144,1,ns8,8,none,,130,
1761179345.810580,127.0.0.1,49482,0x07f,TM,85,70,1,fixed:8,8,none,,56,
1761179345.812697,127.0.0.1,49482,0x0b3,TC,86,144,1,ns8,8,none,,130,
1761179345.814828,127.0.0.1,49482,0x07f,TM,86,70,1,fixed:8,8,none,,56,
1761179345.816935,127.0.0.1,49482,0x0b3,TC,87,144,1,ns8,8,none,,130,
1761179345.819024,127.0.0.1,49482,0x07f,TM,87,70,1,fixed:8,8,none,,56,
1761179345.821132,127.0.0.1,49482,0x0b3,TC,88,144,1,ns8,8,none,,130,
1761179345.823368,127.0.0.1,49482,0x07f,TM,88,70,1,fixed:8,8,none,,56,
1761179345.825491,127.0.0.1,49482,0x0b3,TC,89,144,1,ns8,8,none,,130,
1761179345.827580,127.0.0.1,49482,0x07f,TM,89,70,1,fixed:8,8,none,,56,
1761179345.829803,127.0.0.1,49482,0x0b3,TC,90,144,1,ns8,8,none,,130,
1761179345.831899,127.0.0.1,49482,0x07f,TM,90,70,1,fixed:8,8,none,,56,
1761179345.834040,127.0.0.1,49482,0x0b3,TC,91,144,1,ns8,8,none,,130,
1761179345.836061,127.0.0.1,49482,0x07f,TM,91,70,1,fixed:8,8,none,,56,
1761179345.838169,127.0.0.1,49482,0x0b3,TC,92,144,1,ns8,8,none,,130,
1761179345.840273,127.0.0.1,49482,0x07f,TM,92,70,1,fixed:8,8,none,,56,
1761179345.842403,127.0.0.1,49482,0x0b3,TC,93,144,1,ns8,8,none,,130,
1761179345.844643,127.0.0.1,49482,0x07f,TM,93,70,1,fixed:8,8,none,,56,
1761179345.846776,127.0.0.1,49482,0x0b3,TC,94,144,1,ns8,8,none,,130,
1761179345.848785,127.0.0.1,49482,0x07f,TM,94,70,1,fixed:8,8,none,,56,
1761179345.850939,127.0.0.1,49482,0x0b3,TC,95,144,1,ns8,8,none,,130,
1761179345.853015,127.0.0.1,49482,0x07f,TM,95,70,1,fixed:8,8,none,,56,
1761179345.855098,127.0.0.1,49482,0x0b3,TC,96,144,1,ns8,8,none,,130,
1761179345.857487,127.0.0.1,49482,0x07f,TM,96,70,1,fixed:8,8,none,,56,
1761179345.859758,127.0.0.1,49482,0x0b3,TC,97,144,1,ns8,8,none,,130,
1761179345.862190,127.0.0.1,49482,0x07f,TM,97,70,1,fixed:8,8,none,,56,
1761179345.864340,127.0.0.1,49482,0x0b3,TC,98,144,1,ns8,8,none,,130,
1761179345.866528,127.0.0.1,49482,0x07f,TM,98,70,1,fixed:8,8,none,,56,
1761179345.868680,127.0.0.1,49482,0x0b3,TC,99,144,1,ns8,8,none,,130,
1761179345.870830,127.0.0.1,49482,0x07f,TM,99,70,1,fixed:8,8,none,,56,
1761179345.872934,127.0.0.1,49482,0x0b3,TC,100,144,1,ns8,8,none,,130,
1761179345.875020,127.0.0.1,49482,0x07f,TM,100,70,1,fixed:8,8,none,,56,
1761179345.877143,127.0.0.1,49482,0x0b3,TC,101,144,1,ns8,8,none,,130,
1761179345.879262,127.0.0.1,49482,0x07f,TM,101,70,1,fixed:8,8,none,,56,
1761179345.881401,127.0.0.1,49482,0x0b3,TC,102,144,1,ns8,8,none,,130,
1761179345.883530,127.0.0.1,49482,0x07f,TM,102,70,1,fixed:8,8,none,,56,
1761179345.885670,127.0.0.1,49482,0x0b3,TC,103,144,1,ns8,8,none,,130,
1761179345.887780,127.0.0.1,49482,0x07f,TM,103,70,1,fixed:8,8,none,,56,
1761179345.889917,127.0.0.1,49482,0x0b3,TC,104,144,1,ns8,8,none,,130,
1761179345.892058,127.0.0.1,49482,0x07f,TM,104,70,1,fixed:8,8,none,,56,
1761179345.894193,127.0.0.1,49482,0x0b3,TC,105,144,1,ns8,8,none,,130,
1761179345.896329,127.0.0.1,49482,0x07f,TM,105,70,1,fixed:8,8,none,,56,
1761179345.898422,127.0.0.1,49482,0x0b3,TC,106,144,1,ns8,8,none,,130,
1761179345.900618,127.0.0.1,49482,0x07f,TM,106,70,1,fixed:8,8,none,,56,
1761179345.902747,127.0.0.1,49482,0x0b3,TC,107,144,1,ns8,8,none,,130,
1761179345.904918,127.0.0.1,49482,0x07f,TM,107,70,1,fixed:8,8,none,,56,
1761179345.906990,127.0.0.1,49482,0x0b3,TC,108,144,1,ns8,8,none,,130,
1761179345.909224,127.0.0.1,49482,0x07f,TM,108,70,1,fixed:8,8,none,,56,
1761179345.911347,127.0.0.1,49482,0x0b3,TC,109,144,1,ns8,8,none,,130,
1761179345.913637,127.0.0.1,49482,0x07f,TM,109,70,1,fixed:8,8,none,,56,
1761179345.915696,127.0.0.1,49482,0x0b3,TC,110,144,1,ns8,8,none,,130,
1761179345.917804,127.0.0.1,49482,0x07f,TM,110,70,1,fixed:8,8,none,,56,
1761179345.919902,127.0.0.1,49482,0x0b3,TC,111,144,1,ns8,8,none,,130,
1761179345.922011,127.0.0.1,49482,0x07f,TM,111,70,1,fixed:8,8,none,,56,
1761179345.924094,127.0.0.1,49482,0x0b3,TC,112,144,1,ns8,8,none,,130,
1761179345.926237,127.0.0.1,49482,0x07f,TM,112,70,1,fixed:8,8,none,,56,
1761179345.928396,127.0.0.1,49482,0x0b3,TC,113,144,1,ns8,8,none,,130,
1761179345.930617,127.0.0.1,49482,0x07f,TM,113,70,1,fixed:8,8,none,,56,
1761179345.932810,127.0.0.1,49482,0x0b3,TC,114,144,1,ns8,8,none,,130,
1761179345.934961,127.0.0.1,49482,0x07f,TM,114,70,1,fixed:8,8,none,,56,
1761179345.937042,127.0.0.1,49482,0x0b3,TC,115,144,1,ns8,8,none,,130,
1761179345.939179,127.0.0.1,49482,0x07f,TM,115,70,1,fixed:8,8,none,,56,
1761179345.941240,127.0.0.1,49482,0x0b3,TC,116,144,1,ns8,8,none,,130,
1761179345.943376,127.0.0.1,49482,0x07f,TM,116,70,1,fixed:8,8,none,,56,
1761179345.945499,127.0.0.1,49482,0x0b3,TC,117,144,1,ns8,8,none,,130,
1761179345.947703,127.0.0.1,49482,0x07f,TM,117,70,1,fixed:8,8,none,,56,
1761179345.949847,127.0.0.1,49482,0x0b3,TC,118,144,1,ns8,8,none,,130,
1761179345.951949,127.0.0.1,49482,0x07f,TM,118,70,1,fixed:8,8,none,,56,
1761179345.954047,127.0.0.1,49482,0x0b3,TC,119,144,1,ns8,8,none,,130,
1761179345.956323,127.0.0.1,49482,0x07f,TM,119,70,1,fixed:8,8,none,,56,
1761179345.958492,127.0.0.1,49482,0x0b3,TC,120,144,1,ns8,8,none,,130,
1761179345.960649,127.0.0.1,49482,0x07f,TM,120,70,1,fixed:8,8,none,,56,
1761179345.962798,127.0.0.1,49482,0x0b3,TC,121,144,1,ns8,8,none,,130,
1761179345.964925,127.0.0.1,49482,0x07f,TM,121,70,1,fixed:8,8,none,,56,
1761179345.967022,127.0.0.1,49482,0x0b3,TC,122,144,1,ns8,8,none,,130,
1761179345.969155,127.0.0.1,49482,0x07f,TM,122,70,1,fixed:8,8,none,,56,
1761179345.971285,127.0.0.1,49482,0x0b3,TC,123,144,1,ns8,8,none,,130,
1761179345.973430,127.0.0.1,49482,0x07f,TM,123,70,1,fixed:8,8,none,,56,
1761179345.975609,127.0.0.1,49482,0x0b3,TC,124,144,1,ns8,8,none,,130,
1761179345.977794,127.0.0.1,49482,0x07f,TM,124,70,1,fixed:8,8,none,,56,
1761179345.979932,127.0.0.1,49482,0x0b3,TC,125,144,1,ns8,8,none,,130,
1761179345.982005,127.0.0.1,49482,0x07f,TM,125,70,1,fixed:8,8,none,,56,
1761179345.984089,127.0.0.1,49482,0x0b3,TC,126,144,1,ns8,8,none,,130,
1761179345.986178,127.0.0.1,49482,0x07f,TM,126,70,1,fixed:8,8,none,,56,
1761179345.988531,127.0.0.1,49482,0x0b3,TC,127,144,1,ns8,8,none,,130,
1761179345.990623,127.0.0.1,49482,0x07f,TM,127,70,1,fixed:8,8,none,,56,
1761179345.992736,127.0.0.1,49482,0x0b3,TC,128,144,1,ns8,8,none,,130,
1761179345.994860,127.0.0.1,49482,0x07f,TM,128,70,1,fixed:8,8,none,,56,
1761179345.996927,127.0.0.1,49482,0x0b3,TC,129,144,1,ns8,8,none,,130,
1761179345.999016,127.0.0.1,49482,0x07f,TM,129,70,1,fixed:8,8,none,,56,
1761179346.001094,127.0.0.1,49482,0x0b3,TC,130,144,1,ns8,8,none,,130,
1761179346.003196,127.0.0.1,49482,0x07f,TM,130,70,1,fixed:8,8,none,,56,
1761179346.005314,127.0.0.1,49482,0x0b3,TC,131,144,1,ns8,8,none,,130,
1761179346.007424,127.0.0.1,49482,0x07f,TM,131,70,1,fixed:8,8,none,,56,
1761179346.009540,127.0.0.1,49482,0x0b3,TC,132,144,1,ns8,8,none,,130,
1761179346.011674,127.0.0.1,49482,0x07f,TM,132,70,1,fixed:8,8,none,,56,
1761179346.013786,127.0.0.1,49482,0x0b3,TC,133,144,1,ns8,8,none,,130,
1761179346.015959,127.0.0.1,49482,0x07f,TM,133,70,1,fixed:8,8,none,,56,
1761179346.018035,127.0.0.1,49482,0x0b3,TC,134,144,1,ns8,8,none,,130,
1761179346.020117,127.0.0.1,49482,0x07f,TM,134,70,1,fixed:8,8,none,,56,
1761179346.022179,127.0.0.1,49482,0x0b3,TC,135,144,1,ns8,8,none,,130,
1761179346.024318,127.0.0.1,49482,0x07f,TM,135,70,1,fixed:8,8,none,,56,
1761179346.026418,127.0.0.1,49482,0x0b3,TC,136,144,1,ns8,8,none,,130,
1761179346.028537,127.0.0.1,49482,0x07f,TM,136,70,1,fixed:8,8,none,,56,
1761179346.030632,127.0.0.1,49482,0x0b3,TC,137,144,1,ns8,8,none,,130,
1761179346.032755,127.0.0.1,49482,0x07f,TM,137,70,1,fixed:8,8,none,,56,
1761179346.034869,127.0.0.1,49482,0x0b3,TC,138,144,1,ns8,8,none,,130,
1761179346.036949,127.0.0.1,49482,0x07f,TM,138,70,1,fixed:8,8,none,,56,
1761179346.039038,127.0.0.1,49482,0x0b3,TC,139,144,1,ns8,8,none,,130,
1761179346.041101,127.0.0.1,49482,0x07f,TM,139,70,1,fixed:8,8,none,,56,
1761179346.043348,127.0.0.1,49482,0x0b3,TC,140,144,1,ns8,8,none,,130,
1761179346.045522,127.0.0.1,49482,0x07f,TM,140,70,1,fixed:8,8,none,,56,
1761179346.047641,127.0.0.1,49482,0x0b3,TC,141,144,1,ns8,8,none,,130,
1761179346.049712,127.0.0.1,49482,0x07f,TM,141,70,1,fixed:8,8,none,,56,
1761179346.051860,127.0.0.1,49482,0x0b3,TC,142,144,1,ns8,8,none,,130,
1761179346.053906,127.0.0.1,49482,0x07f,TM,142,70,1,fixed:8,8,none,,56,
1761179346.055984,127.0.0.1,49482,0x0b3,TC,143,144,1,ns8,8,none,,130,
1761179346.058065,127.0.0.1,49482,0x07f,TM,143,70,1,fixed:8,8,none,,56,
1761179346.060175,127.0.0.1,49482,0x0b3,TC,144,144,1,ns8,8,none,,130,
1761179346.062309,127.0.0.1,49482,0x07f,TM,144,70,1,fixed:8,8,none,,56,
1761179346.064419,127.0.0.1,49482,0x0b3,TC,145,144,1,ns8,8,none,,130,
1761179346.066514,127.0.0.1,49482,0x07f,TM,145,70,1,fixed:8,8,none,,56,
1761179346.068623,127.0.0.1,49482,0x0b3,TC,146,144,1,ns8,8,none,,130,
1761179346.070694,127.0.0.1,49482,0x07f,TM,146,70,1,fixed:8,8,none,,56,
1761179346.072809,127.0.0.1,49482,0x0b3,TC,147,144,1,ns8,8,none,,130,
1761179346.074938,127.0.0.1,49482,0x07f,TM,147,70,1,fixed:8,8,none,,56,
1761179346.077160,127.0.0.1,49482,0x0b3,TC,148,144,1,ns8,8,none,,130,
1761179346.079301,127.0.0.1,49482,0x07f,TM,148,70,1,fixed:8,8,none,,56,
1761179346.081454,127.0.0.1,49482,0x0b3,TC,149,144,1,ns8,8,none,,130,
1761179346.083513,127.0.0.1,49482,0x07f,TM,149,70,1,fixed:8,8,none,,56,
1761179346.085617,127.0.0.1,49482,0x0b3,TC,150,144,1,ns8,8,none,,130,
1761179346.087749,127.0.0.1,49482,0x07f,TM,150,70,1,fixed:8,8,none,,56,
1761179346.089872,127.0.0.1,49482,0x0b3,TC,151,144,1,ns8,8,none,,130,
1761179346.091938,127.0.0.1,49482,0x07f,TM,151,70,1,fixed:8,8,none,,56,
1761179346.094034,127.0.0.1,49482,0x0b3,TC,152,144,1,ns8,8,none,,130,
1761179346.096159,127.0.0.1,49482,0x07f,TM,152,70,1,fixed:8,8,none,,56,
1761179346.098276,127.0.0.1,49482,0x0b3,TC,153,144,1,ns8,8,none,,130,
1761179346.100389,127.0.0.1,49482,0x07f,TM,153,70,1,fixed:8,8,none,,56,
1761179346.102498,127.0.0.1,49482,0x0b3,TC,154,144,1,ns8,8,none,,130,
1761179346.104644,127.0.0.1,49482,0x07f,TM,154,70,1,fixed:8,8,none,,56,
1761179346.106800,127.0.0.1,49482,0x0b3,TC,155,144,1,ns8,8,none,,130,
1761179346.108906,127.0.0.1,49482,0x07f,TM,155,70,1,fixed:8,8,none,,56,
1761179346.111057,127.0.0.1,49482,0x0b3,TC,156,144,1,ns8,8,none,,130,
1761179346.113226,127.0.0.1,49482,0x07f,TM,156,70,1,fixed:8,8,none,,56,
1761179346.115411,127.0.0.1,49482,0x0b3,TC,157,144,1,ns8,8,none,,130,
1761179346.117535,127.0.0.1,49482,0x07f,TM,157,70,1,fixed:8,8,none,,56,
1761179346.119667,127.0.0.1,49482,0x0b3,TC,158,144,1,ns8,8,none,,130,
1761179346.121760,127.0.0.1,49482,0x07f,TM,158,70,1,fixed:8,8,none,,56,
1761179346.123845,127.0.0.1,49482,0x0b3,TC,159,144,1,ns8,8,none,,130,
1761179346.125925,127.0.0.1,49482,0x07f,TM,159,70,1,fixed:8,8,none,,56,
1761179346.128039,127.0.0.1,49482,0x0b3,TC,160,144,1,ns8,8,none,,130,
1761179346.130147,127.0.0.1,49482,0x07f,TM,160,70,1,fixed:8,8,none,,56,
1761179346.132260,127.0.0.1,49482,0x0b3,TC,161,144,1,ns8,8,none,,130,
1761179346.134366,127.0.0.1,49482,0x07f,TM,161,70,1,fixed:8,8,none,,56,
1761179346.136478,127.0.0.1,49482,0x0b3,TC,162,144,1,ns8,8,none,,130,
1761179346.138556,127.0.0.1,49482,0x07f,TM,162,70,1,fixed:8,8,none,,56,
1761179346.140782,127.0.0.1,49482,0x0b3,TC,163,144,1,ns8,8,none,,130,
1761179346.142984,127.0.0.1,49482,0x07f,TM,163,70,1,fixed:8,8,none,,56,
1761179346.145160,127.0.0.1,49482,0x0b3,TC,164,144,1,ns8,8,none,,130,
1761179346.147281,127.0.0.1,49482,0x07f,TM,164,70,1,fixed:8,8,none,,56,
1761179346.149375,127.0.0.1,49482,0x0b3,TC,165,144,1,ns8,8,none,,130,
1761179346.151495,127.0.0.1,49482,0x07f,TM,165,70,1,fixed:8,8,none,,56,
1761179346.153620,127.0.0.1,49482,0x0b3,TC,166,144,1,ns8,8,none,,130,
1761179346.155724,127.0.0.1,49482,0x07f,TM,166,70,1,fixed:8,8,none,,56,
1761179346.157936,127.0.0.1,49482,0x0b3,TC,167,144,1,ns8,8,none,,130,
1761179346.160040,127.0.0.1,49482,0x07f,TM,167,70,1,fixed:8,8,none,,56,
1761179346.162174,127.0.0.1,49482,0x0b3,TC,168,144,1,ns8,8,none,,130,
1761179346.164308,127.0.0.1,49482,0x07f,TM,168,70,1,fixed:8,8,none,,56,
1761179346.166424,127.0.0.1,49482,0x0b3,TC,169,144,1,ns8,8,none,,130,
1761179346.168559,127.0.0.1,49482,0x07f,TM,169,70,1,fixed:8,8,none,,56,
1761179346.170679,127.0.0.1,49482,0x0b3,TC,170,144,1,ns8,8,none,,130,
1761179346.172823,127.0.0.1,49482,0x07f,TM,170,70,1,fixed:8,8,none,,56,
1761179346.174933,127.0.0.1,49482,0x0b3,TC,171,144,1,ns8,8,none,,130,
1761179346.177155,127.0.0.1,49482,0x07f,TM,171,70,1,fixed:8,8,none,,56,
1761179346.179307,127.0.0.1,49482,0x0b3,TC,172,144,1,ns8,8,none,,130,
1761179346.181410,127.0.0.1,49482,0x07f,TM,172,70,1,fixed:8,8,none,,56,
1761179346.183513,127.0.0.1,49482,0x0b3,TC,173,144,1,ns8,8,none,,130,
1761179346.185669,127.0.0.1,49482,0x07f,TM,173,70,1,fixed:8,8,none,,56,
1761179346.187758,127.0.0.1,49482,0x0b3,TC,174,144,1,ns8,8,none,,130,
1761179346.189909,127.0.0.1,49482,0x07f,TM,174,70,1,fixed:8,8,none,,56,
1761179346.191987,127.0.0.1,49482,0x0b3,TC,175,144,1,ns8,8,none,,130,
1761179346.194099,127.0.0.1,49482,0x07f,TM,175,70,1,fixed:8,8,none,,56,
1761179346.196222,127.0.0.1,49482,0x0b3,TC,176,144,1,ns8,8,none,,130,
1761179346.198340,127.0.0.1,49482,0x07f,TM,176,70,1,fixed:8,8,none,,56,
1761179346.200462,127.0.0.1,49482,0x0b3,TC,177,144,1,ns8,8,none,,130,
1761179346.202571,127.0.0.1,49482,0x07f,TM,177,70,1,fixed:8,8,none,,56,
1761179346.204688,127.0.0.1,49482,0x0b3,TC,178,144,1,ns8,8,none,,130,
1761179346.206783,127.0.0.1,49482,0x07f,TM,178,70,1,fixed:8,8,none,,56,
1761179346.209036,127.0.0.1,49482,0x0b3,TC,179,144,1,ns8,8,none,,130,
1761179346.211118,127.0.0.1,49482,0x07f,TM,179,70,1,fixed:8,8,none,,56,
1761179346.213291,127.0.0.1,49482,0x0b3,TC,180,144,1,ns8,8,none,,130,
1761179346.215393,127.0.0.1,49482,0x07f,TM,180,70,1,fixed:8,8,none,,56,
1761179346.217508,127.0.0.1,49482,0x0b3,TC,181,144,1,ns8,8,none,,130,
1761179346.219770,127.0.0.1,49482,0x07f,TM,181,70,1,fixed:8,8,none,,56,
1761179346.221924,127.0.0.1,49482,0x0b3,TC,182,144,1,ns8,8,none,,130,
1761179346.224083,127.0.0.1,49482,0x07f,TM,182,70,1,fixed:8,8,none,,56,
1761179346.226124,127.0.0.1,49482,0x0b3,TC,183,144,1,ns8,8,none,,130,
1761179346.228267,127.0.0.1,49482,0x07f,TM,183,70,1,fixed:8,8,none,,56,
1761179346.230351,127.0.0.1,49482,0x0b3,TC,184,144,1,ns8,8,none,,130,
1761179346.232504,127.0.0.1,49482,0x07f,TM,184,70,1,fixed:8,8,none,,56,
1761179346.234609,127.0.0.1,49482,0x0b3,TC,185,144,1,ns8,8,none,,130,
1761179346.236698,127.0.0.1,49482,0x07f,TM,185,70,1,fixed:8,8,none,,56,
1761179346.238911,127.0.0.1,49482,0x0b3,TC,186,144,1,ns8,8,none,,130,
1761179346.241040,127.0.0.1,49482,0x07f,TM,186,70,1,fixed:8,8,none,,56,
1761179346.243164,127.0.0.1,49482,0x0b3,TC,187,144,1,ns8,8,none,,130,
1761179346.245289,127.0.0.1,49482,0x07f,TM,187,70,1,fixed:8,8,none,,56,
1761179346.247442,127.0.0.1,49482,0x0b3,TC,188,144,1,ns8,8,none,,130,
1761179346.249568,127.0.0.1,49482,0x07f,TM,188,70,1,fixed:8,8,none,,56,
1761179346.251674,127.0.0.1,49482,0x0b3,TC,189,144,1,ns8,8,none,,130,
1761179346.253840,127.0.0.1,49482,0x07f,TM,189,70,1,fixed:8,8,none,,56,
1761179346.255948,127.0.0.1,49482,0x0b3,TC,190,144,1,ns8,8,none,,130,
1761179346.258008,127.0.0.1,49482,0x07f,TM,190,70,1,fixed:8,8,none,,56,
1761179346.260167,127.0.0.1,49482,0x0b3,TC,191,144,1,ns8,8,none,,130,
1761179346.262306,127.0.0.1,49482,0x07f,TM,191,70,1,fixed:8,8,none,,56,
1761179346.264410,127.0.0.1,49482,0x0b3,TC,192,144,1,ns8,8,none,,130,
1761179346.266634,127.0.0.1,49482,0x07f,TM,192,70,1,fixed:8,8,none,,56,
1761179346.268769,127.0.0.1,49482,0x0b3,TC,193,144,1,ns8,8,none,,130,
1761179346.270883,127.0.0.1,49482,0x07f,TM,193,70,1,fixed:8,8,none,,56,
1761179346.272963,127.0.0.1,49482,0x0b3,TC,194,144,1,ns8,8,none,,130,
1761179346.275041,127.0.0.1,49482,0x07f,TM,194,70,1,fixed:8,8,none,,56,
1761179346.277127,127.0.0.1,49482,0x0b3,TC,195,144,1,ns8,8,none,,130,
1761179346.279216,127.0.0.1,49482,0x07f,TM,195,70,1,fixed:8,8,none,,56,
1761179346.281346,127.0.0.1,49482,0x0b3,TC,196,144,1,ns8,8,none,,130,
1761179346.283426,127.0.0.1,49482,0x07f,TM,196,70,1,fixed:8,8,none,,56,
1761179346.285565,127.0.0.1,49482,0x0b3,TC,197,144,1,ns8,8,none,,130,
1761179346.287734,127.0.0.1,49482,0x07f,TM,197,70,1,fixed:8,8,none,,56,
1761179346.289787,127.0.0.1,49482,0x0b3,TC,198,144,1,ns8,8,none,,130,
1761179346.291901,127.0.0.1,49482,0x07f,TM,198,70,1,fixed:8,8,none,,56,
1761179346.294020,127.0.0.1,49482,0x0b3,TC,199,144,1,ns8,8,none,,130,
1761179346.296105,127.0.0.1,49482,0x07f,TM,199,70,1,fixed:8,8,none,,56,
1761179346.298191,127.0.0.1,49482,0x0b3,TC,200,144,1,ns8,8,none,,130,
1761179346.300275,127.0.0.1,49482,0x07f,TM,200,70,1,fixed:8,8,none,,56,
1761179346.302380,127.0.0.1,49482,0x0b3,TC,201,144,1,ns8,8,none,,130,
1761179346.304484,127.0.0.1,49482,0x07f,TM,201,70,1,fixed:8,8,none,,56,
1761179346.306596,127.0.0.1,49482,0x0b3,TC,202,144,1,ns8,8,none,,130,
1761179346.308695,127.0.0.1,49482,0x07f,TM,202,70,1,fixed:8,8,none,,56,
1761179346.310826,127.0.0.1,49482,0x0b3,TC,203,144,1,ns8,8,none,,130,
1761179346.312961,127.0.0.1,49482,0x07f,TM,203,70,1,fixed:8,8,none,,56,
1761179346.315039,127.0.0.1,49482,0x0b3,TC,204,144,1,ns8,8,none,,130,
1761179346.317139,127.0.0.1,49482,0x07f,TM,204,70,1,fixed:8,8,none,,56,
1761179346.319231,127.0.0.1,49482,0x0b3,TC,205,144,1,ns8,8,none,,130,
1761179346.321340,127.0.0.1,49482,0x07f,TM,205,70,1,fixed:8,8,none,,56,
1761179346.323448,127.0.0.1,49482,0x0b3,TC,206,144,1,ns8,8,none,,130,
1761179346.325569,127.0.0.1,49482,0x07f,TM,206,70,1,fixed:8,8,none,,56,
1761179346.327678,127.0.0.1,49482,0x0b3,TC,207,144,1,ns8,8,none,,130,
1761179346.329847,127.0.0.1,49482,0x07f,TM,207,70,1,fixed:8,8,none,,56,
1761179346.331879,127.0.0.1,49482,0x0b3,TC,208,144,1,ns8,8,none,,130,
1761179346.334026,127.0.0.1,49482,0x07f,TM,208,70,1,fixed:8,8,none,,56,
1761179346.336202,127.0.0.1,49482,0x0b3,TC,209,144,1,ns8,8,none,,130,
1761179346.338367,127.0.0.1,49482,0x07f,TM,209,70,1,fixed:8,8,none,,56,
1761179346.340533,127.0.0.1,49482,0x0b3,TC,210,144,1,ns8,8,none,,130,
1761179346.342789,127.0.0.1,49482,0x07f,TM,210,70,1,fixed:8,8,none,,56,
1761179346.344978,127.0.0.1,49482,0x0b3,TC,211,144,1,ns8,8,none,,130,
1761179346.347123,127.0.0.1,49482,0x07f,TM,211,70,1,fixed:8,8,none,,56,
1761179346.349284,127.0.0.1,49482,0x0b3,TC,212,144,1,ns8,8,none,,130,
1761179346.351433,127.0.0.1,49482,0x07f,TM,212,70,1,fixed:8,8,none,,56,
1761179346.353578,127.0.0.1,49482,0x0b3,TC,213,144,1,ns8,8,none,,130,
1761179346.355697,127.0.0.1,49482,0x07f,TM,213,70,1,fixed:8,8,none,,56,
1761179346.357867,127.0.0.1,49482,0x0b3,TC,214,144,1,ns8,8,none,,130,
1761179346.360020,127.0.0.1,49482,0x07f,TM,214,70,1,fixed:8,8,none,,56,
1761179346.362172,127.0.0.1,49482,0x0b3,TC,215,144,1,ns8,8,none,,130,
1761179346.364352,127.0.0.1,49482,0x07f,TM,215,70,1,fixed:8,8,none,,56,
1761179346.366539,127.0.0.1,49482,0x0b3,TC,216,144,1,ns8,8,none,,130,
1761179346.368692,127.0.0.1,49482,0x07f,TM,216,70,1,fixed:8,8,none,,56,
1761179346.370880,127.0.0.1,49482,0x0b3,TC,217,144,1,ns8,8,none,,130,
1761179346.373002,127.0.0.1,49482,0x07f,TM,217,70,1,fixed:8,8,none,,56,
1761179346.375109,127.0.0.1,49482,0x0b3,TC,218,144,1,ns8,8,none,,130,
1761179346.377285,127.0.0.1,49482,0x07f,TM,218,70,1,fixed:8,8,none,,56,
1761179346.379411,127.0.0.1,49482,0x0b3,TC,219,144,1,ns8,8,none,,130,
1761179346.381647,127.0.0.1,49482,0x07f,TM,219,70,1,fixed:8,8,none,,56,
1761179346.383866,127.0.0.1,49482,0x0b3,TC,220,144,1,ns8,8,none,,130,
1761179346.386112,127.0.0.1,49482,0x07f,TM,220,70,1,fixed:8,8,none,,56,
1761179346.388264,127.0.0.1,49482,0x0b3,TC,221,144,1,ns8,8,none,,130,
1761179346.390414,127.0.0.1,49482,0x07f,TM,221,70,1,fixed:8,8,none,,56,
1761179346.392571,127.0.0.1,49482,0x0b3,TC,222,144,1,ns8,8,none,,130,
1761179346.394731,127.0.0.1,49482,0x07f,TM,222,70,1,fixed:8,8,none,,56,
1761179346.396909,127.0.0.1,49482,0x0b3,TC,223,144,1,ns8,8,none,,130,
1761179346.399116,127.0.0.1,49482,0x07f,TM,223,70,1,fixed:8,8,none,,56,
1761179346.401293,127.0.0.1,49482,0x0b3,TC,224,144,1,ns8,8,none,,130,
1761179346.403394,127.0.0.1,49482,0x07f,TM,224,70,1,fixed:8,8,none,,56,
1761179346.405518,127.0.0.1,49482,0x0b3,TC,225,144,1,ns8,8,none,,130,
1761179346.407673,127.0.0.1,49482,0x07f,TM,225,70,1,fixed:8,8,none,,56,
1761179346.409859,127.0.0.1,49482,0x0b3,TC,226,144,1,ns8,8,none,,130,
1761179346.411948,127.0.0.1,49482,0x07f,TM,226,70,1,fixed:8,8,none,,56,
1761179346.414205,127.0.0.1,49482,0x0b3,TC,227,144,1,ns8,8,none,,130,
1761179346.416384,127.0.0.1,49482,0x07f,TM,227,70,1,fixed:8,8,none,,56,
1761179346.418533,127.0.0.1,49482,0x0b3,TC,228,144,1,ns8,8,none,,130,
1761179346.420647,127.0.0.1,49482,0x07f,TM,228,70,1,fixed:8,8,none,,56,
1761179346.422774,127.0.0.1,49482,0x0b3,TC,229,144,1,ns8,8,none,,130,
1761179346.424923,127.0.0.1,49482,0x07f,TM,229,70,1,fixed:8,8,none,,56,
1761179346.426983,127.0.0.1,49482,0x0b3,TC,230,144,1,ns8,8,none,,130,
1761179346.429059,127.0.0.1,49482,0x07f,TM,230,70,1,fixed:8,8,none,,56,
1761179346.431179,127.0.0.1,49482,0x0b3,TC,231,144,1,ns8,8,none,,130,
1761179346.433303,127.0.0.1,49482,0x07f,TM,231,70,1,fixed:8,8,none,,56,
1761179346.435387,127.0.0.1,49482,0x0b3,TC,232,144,1,ns8,8,none,,130,
1761179346.437484,127.0.0.1,49482,0x07f,TM,232,70,1,fixed:8,8,none,,56,
1761179346.439584,127.0.0.1,49482,0x0b3,TC,233,144,1,ns8,8,none,,130,
1761179346.441700,127.0.0.1,49482,0x07f,TM,233,70,1,fixed:8,8,none,,56,
1761179346.443817,127.0.0.1,49482,0x0b3,TC,234,144,1,ns8,8,none,,130,
1761179346.445900,127.0.0.1,49482,0x07f,TM,234,70,1,fixed:8,8,none,,56,
1761179346.448014,127.0.0.1,49482,0x0b3,TC,235,144,1,ns8,8,none,,130,
1761179346.450100,127.0.0.1,49482,0x07f,TM,235,70,1,fixed:8,8,none,,56,
1761179346.452183,127.0.0.1,49482,0x0b3,TC,236,144,1,ns8,8,none,,130,
1761179346.454303,127.0.0.1,49482,0x07f,TM,236,70,1,fixed:8,8,none,,56,
1761179346.456514,127.0.0.1,49482,0x0b3,TC,237,144,1,ns8,8,none,,130,
1761179346.458613,127.0.0.1,49482,0x07f,TM,237,70,1,fixed:8,8,none,,56,
1761179346.460768,127.0.0.1,49482,0x0b3,TC,238,144,1,ns8,8,none,,130,
1761179346.462972,127.0.0.1,49482,0x07f,TM,238,70,1,fixed:8,8,none,,56,
1761179346.465052,127.0.0.1,49482,0x0b3,TC,239,144,1,ns8,8,none,,130,
1761179346.467211,127.0.0.1,49482,0x07f,TM,239,70,1,fixed:8,8,none,,56,
1761179346.469360,127.0.0.1,49482,0x0b3,TC,240,144,1,ns8,8,none,,130,
1761179346.471492,127.0.0.1,49482,0x07f,TM,240,70,1,fixed:8,8,none,,56,
1761179346.473625,127.0.0.1,49482,0x0b3,TC,241,144,1,ns8,8,none,,130,
1761179346.475745,127.0.0.1,49482,0x07f,TM,241,70,1,fixed:8,8,none,,56,
1761179346.477910,127.0.0.1,49482,0x0b3,TC,242,144,1,ns8,8,none,,130,
1761179346.480019,127.0.0.1,49482,0x07f,TM,242,70,1,fixed:8,8,none,,56,
1761179346.482135,127.0.0.1,49482,0x0b3,TC,243,144,1,ns8,8,none,,130,
1761179346.484346,127.0.0.1,49482,0x07f,TM,243,70,1,fixed:8,8,none,,56,
1761179346.486474,127.0.0.1,49482,0x0b3,TC,244,144,1,ns8,8,none,,130,
1761179346.488656,127.0.0.1,49482,0x07f,TM,244,70,1,fixed:8,8,none,,56,
1761179346.490804,127.0.0.1,49482,0x0b3,TC,245,144,1,ns8,8,none,,130,
1761179346.492940,127.0.0.1,49482,0x07f,TM,245,70,1,fixed:8,8,none,,56,
1761179346.495166,127.0.0.1,49482,0x0b3,TC,246,144,1,ns8,8,none,,130,
1761179346.497344,127.0.0.1,49482,0x07f,TM,246,70,1,fixed:8,8,none,,56,
1761179346.499485,127.0.0.1,49482,0x0b3,TC,247,144,1,ns8,8,none,,130,
1761179346.501736,127.0.0.1,49482,0x07f,TM,247,70,1,fixed:8,8,none,,56,
1761179346.503874,127.0.0.1,49482,0x0b3,TC,248,144,1,ns8,8,none,,130,
1761179346.505962,127.0.0.1,49482,0x07f,TM,248,70,1,fixed:8,8,none,,56,
1761179346.508052,127.0.0.1,49482,0x0b3,TC,249,144,1,ns8,8,none,,130,
1761179346.510240,127.0.0.1,49482,0x07f,TM,249,70,1,fixed:8,8,none,,56,
1761179346.512397,127.0.0.1,49482,0x0b3,TC,250,144,1,ns8,8,none,,130,
1761179346.514508,127.0.0.1,49482,0x07f,TM,250,70,1,fixed:8,8,none,,56,
1761179346.516900,127.0.0.1,49482,0x0b3,TC,251,144,1,ns8,8,none,,130,
1761179346.519206,127.0.0.1,49482,0x07f,TM,251,70,1,fixed:8,8,none,,56,
1761179346.521358,127.0.0.1,49482,0x0b3,TC,252,144,1,ns8,8,none,,130,
1761179346.523488,127.0.0.1,49482,0x07f,TM,252,70,1,fixed:8,8,none,,56,
1761179346.525655,127.0.0.1,49482,0x0b3,TC,253,144,1,ns8,8,none,,130,
1761179346.527794,127.0.0.1,49482,0x07f,TM,253,70,1,fixed:8,8,none,,56,
1761179346.529901,127.0.0.1,49482,0x0b3,TC,254,144,1,ns8,8,none,,130,
1761179346.531996,127.0.0.1,49482,0x07f,TM,254,70,1,fixed:8,8,none,,56,
1761179346.534091,127.0.0.1,49482,0x0b3,TC,255,144,1,ns8,8,none,,130,
1761179346.536171,127.0.0.1,49482,0x07f,TM,255,70,1,fixed:8,8,none,,56,
1761179346.538311,127.0.0.1,49482,0x0b3,TC,256,144,1,ns8,8,none,,130,
1761179346.540410,127.0.0.1,49482,0x07f,TM,256,70,1,fixed:8,8,none,,56,
1761179346.542494,127.0.0.1,49482,0x0b3,TC,257,144,1,ns8,8,none,,130,
1761179346.544632,127.0.0.1,49482,0x07f,TM,257,70,1,fixed:8,8,none,,56,
1761179346.546746,127.0.0.1,49482,0x0b3,TC,258,144,1,ns8,8,none,,130,
1761179346.548942,127.0.0.1,49482,0x07f,TM,258,70,1,fixed:8,8,none,,56,
1761179346.551118,127.0.0.1,49482,0x0b3,TC,259,144,1,ns8,8,none,,130,
1761179346.553278,127.0.0.1,49482,0x07f,TM,259,70,1,fixed:8,8,none,,56,
1761179346.555398,127.0.0.1,49482,0x0b3,TC,260,144,1,ns8,8,none,,130,
1761179346.557501,127.0.0.1,49482,0x07f,TM,260,70,1,fixed:8,8,none,,56,
1761179346.559650,127.0.0.1,49482,0x0b3,TC,261,144,1,ns8,8,none,,130,
1761179346.561827,127.0.0.1,49482,0x07f,TM,261,70,1,fixed:8,8,none,,56,
1761179346.563953,127.0.0.1,49482,0x0b3,TC,262,144,1,ns8,8,none,,130,
1761179346.566058,127.0.0.1,49482,0x07f,TM,262,70,1,fixed:8,8,none,,56,
1761179346.568164,127.0.0.1,49482,0x0b3,TC,263,144,1,ns8,8,none,,130,
1761179346.570243,127.0.0.1,49482,0x07f,TM,263,70,1,fixed:8,8,none,,56,
1761179346.572431,127.0.0.1,49482,0x0b3,TC,264,144,1,ns8,8,none,,130,
1761179346.574519,127.0.0.1,49482,0x07f,TM,264,70,1,fixed:8,8,none,,56,
1761179346.576730,127.0.0.1,49482,0x0b3,TC,265,144,1,ns8,8,none,,130,
1761179346.578904,127.0.0.1,49482,0x07f,TM,265,70,1,fixed:8,8,none,,56,
1761179346.581126,127.0.0.1,49482,0x0b3,TC,266,144,1,ns8,8,none,,130,
1761179346.583284,127.0.0.1,49482,0x07f,TM,266,70,1,fixed:8,8,none,,56,
1761179346.585359,127.0.0.1,49482,0x0b3,TC,267,144,1,ns8,8,none,,130,
1761179346.587535,127.0.0.1,49482,0x07f,TM,267,70,1,fixed:8,8,none,,56,
1761179346.589669,127.0.0.1,49482,0x0b3,TC,268,144,1,ns8,8,none,,130,
1761179346.591883,127.0.0.1,49482,0x07f,TM,268,70,1,fixed:8,8,none,,56,
1761179346.593980,127.0.0.1,49482,0x0b3,TC,269,144,1,ns8,8,none,,130,
1761179346.596089,127.0.0.1,49482,0x07f,TM,269,70,1,fixed:8,8,none,,56,
1761179346.598309,127.0.0.1,49482,0x0b3,TC,270,144,1,ns8,8,none,,130,
1761179346.600428,127.0.0.1,49482,0x07f,TM,270,70,1,fixed:8,8,none,,56,
1761179346.602559,127.0.0.1,49482,0x0b3,TC,271,144,1,ns8,8,none,,130,
1761179346.604653,127.0.0.1,49482,0x07f,TM,271,70,1,fixed:8,8,none,,56,
1761179346.606880,127.0.0.1,49482,0x0b3,TC,272,144,1,ns8,8,none,,130,
1761179346.608993,127.0.0.1,49482,0x07f,TM,272,70,1,fixed:8,8,none,,56,
1761179346.611089,127.0.0.1,49482,0x0b3,TC,273,144,1,ns8,8,none,,130,
1761179346.613220,127.0.0.1,49482,0x07f,TM,273,70,1,fixed:8,8,none,,56,
1761179346.615486,127.0.0.1,49482,0x0b3,TC,274,144,1,ns8,8,none,,130,
1761179346.617703,127.0.0.1,49482,0x07f,TM,274,70,1,fixed:8,8,none,,56,
1761179346.619859,127.0.0.1,49482,0x0b3,TC,275,144,1,ns8,8,none,,130,
1761179346.621964,127.0.0.1,49482,0x07f,TM,275,70,1,fixed:8,8,none,,56,
1761179346.624043,127.0.0.1,49482,0x0b3,TC,276,144,1,ns8,8,none,,130,
1761179346.626137,127.0.0.1,49482,0x07f,TM,276,70,1,fixed:8,8,none,,56,
1761179346.628264,127.0.0.1,49482,0x0b3,TC,277,144,1,ns8,8,none,,130,
1761179346.630365,127.0.0.1,49482,0x07f,TM,277,70,1,fixed:8,8,none,,56,
1761179346.632478,127.0.0.1,49482,0x0b3,TC,278,144,1,ns8,8,none,,130,
1761179346.634573,127.0.0.1,49482,0x07f,TM,278,70,1,fixed:8,8,none,,56,
1761179346.636699,127.0.0.1,49482,0x0b3,TC,279,144,1,ns8,8,none,,130,
1761179346.638833,127.0.0.1,49482,0x07f,TM,279,70,1,fixed:8,8,none,,56,
1761179346.640921,127.0.0.1,49482,0x0b3,TC,280,144,1,ns8,8,none,,130,
1761179346.642982,127.0.0.1,49482,0x07f,TM,280,70,1,fixed:8,8,none,,56,
1761179346.645064,127.0.0.1,49482,0x0b3,TC,281,144,1,ns8,8,none,,130,
1761179346.647194,127.0.0.1,49482,0x07f,TM,281,70,1,fixed:8,8,none,,56,
1761179346.649313,127.0.0.1,49482,0x0b3,TC,282,144,1,ns8,8,none,,130,
1761179346.651427,127.0.0.1,49482,0x07f,TM,282,70,1,fixed:8,8,none,,56,
1761179346.653519,127.0.0.1,49482,0x0b3,TC,283,144,1,ns8,8,none,,130,
1761179346.655638,127.0.0.1,49482,0x07f,TM,283,70,1,fixed:8,8,none,,56,
1761179346.657759,127.0.0.1,49482,0x0b3,TC,284,144,1,ns8,8,none,,130,
1761179346.659901,127.0.0.1,49482,0x07f,TM,284,70,1,fixed:8,8,none,,56,
1761179346.661976,127.0.0.1,49482,0x0b3,TC,285,144,1,ns8,8,none,,130,
1761179346.664067,127.0.0.1,49482,0x07f,TM,285,70,1,fixed:8,8,none,,56,
1761179346.666185,127.0.0.1,49482,0x0b3,TC,286,144,1,ns8,8,none,,130,
1761179346.668266,127.0.0.1,49482,0x07f,TM,286,70,1,fixed:8,8,none,,56,
1761179346.670403,127.0.0.1,49482,0x0b3,TC,287,144,1,ns8,8,none,,130,
1761179346.672513,127.0.0.1,49482,0x07f,TM,287,70,1,fixed:8,8,none,,56,
1761179346.674600,127.0.0.1,49482,0x0b3,TC,288,144,1,ns8,8,none,,130,
1761179346.676754,127.0.0.1,49482,0x07f,TM,288,70,1,fixed:8,8,none,,56,
1761179346.678913,127.0.0.1,49482,0x0b3,TC,289,144,1,ns8,8,none,,130,
1761179346.681009,127.0.0.1,49482,0x07f,TM,289,70,1,fixed:8,8,none,,56,
1761179346.683143,127.0.0.1,49482,0x0b3,TC,290,144,1,ns8,8,none,,130,
1761179346.685390,127.0.0.1,49482,0x07f,TM,290,70,1,fixed:8,8,none,,56,
1761179346.687565,127.0.0.1,49482,0x0b3,TC,291,144,1,ns8,8,none,,130,
1761179346.689718,127.0.0.1,49482,0x07f,TM,291,70,1,fixed:8,8,none,,56,
1761179346.691848,127.0.0.1,49482,0x0b3,TC,292,144,1,ns8,8,none,,130,
1761179346.694063,127.0.0.1,49482,0x07f,TM,292,70,1,fixed:8,8,none,,56,
1761179346.696256,127.0.0.1,49482,0x0b3,TC,293,144,1,ns8,8,none,,130,
1761179346.698438,127.0.0.1,49482,0x07f,TM,293,70,1,fixed:8,8,none,,56,
1761179346.700588,127.0.0.1,49482,0x0b3,TC,294,144,1,ns8,8,none,,130,
1761179346.702709,127.0.0.1,49482,0x07f,TM,294,70,1,fixed:8,8,none,,56,
1761179346.704836,127.0.0.1,49482,0x0b3,TC,295,144,1,ns8,8,none,,130,
1761179346.706986,127.0.0.1,49482,0x07f,TM,295,70,1,fixed:8,8,none,,56,
1761179346.709112,127.0.0.1,49482,0x0b3,TC,296,144,1,ns8,8,none,,130,
1761179346.711296,127.0.0.1,49482,0x07f,TM,296,70,1,fixed:8,8,none,,56,
1761179346.713480,127.0.0.1,49482,0x0b3,TC,297,144,1,ns8,8,none,,130,
1761179346.715702,127.0.0.1,49482,0x07f,TM,297,70,1,fixed:8,8,none,,56,
1761179346.717862,127.0.0.1,49482,0x0b3,TC,298,144,1,ns8,8,none,,130,
1761179346.719978,127.0.0.1,49482,0x07f,TM,298,70,1,fixed:8,8,none,,56,
1761179346.722087,127.0.0.1,49482,0x0b3,TC,299,144,1,ns8,8,none,,130,
1761179346.724206,127.0.0.1,49482,0x07f,TM,299,70,1,fixed:8,8,none,,56,
1761179346.726367,127.0.0.1,49482,0x0b3,TC,300,144,1,ns8,8,none,,130,
1761179346.728564,127.0.0.1,49482,0x07f,TM,300,70,1,fixed:8,8,none,,56,
1761179346.730734,127.0.0.1,49482,0x0b3,TC,301,144,1,ns8,8,none,,130,
1761179346.732890,127.0.0.1,49482,0x07f,TM,301,70,1,fixed:8,8,none,,56,
1761179346.734987,127.0.0.1,49482,0x0b3,TC,302,144,1,ns8,8,none,,130,
1761179346.737153,127.0.0.1,49482,0x07f,TM,302,70,1,fixed:8,8,none,,56,
1761179346.739331,127.0.0.1,49482,0x0b3,TC,303,144,1,ns8,8,none,,130,
1761179346.741523,127.0.0.1,49482,0x07f,TM,303,70,1,fixed:8,8,none,,56,
1761179346.743704,127.0.0.1,49482,0x0b3,TC,304,144,1,ns8,8,none,,130,
1761179346.745962,127.0.0.1,49482,0x07f,TM,304,70,1,fixed:8,8,none,,56,
1761179346.748087,127.0.0.1,49482,0x0b3,TC,305,144,1,ns8,8,none,,130,
1761179346.750194,127.0.0.1,49482,0x07f,TM,305,70,1,fixed:8,8,none,,56,
1761179346.752331,127.0.0.1,49482,0x0b3,TC,306,144,1,ns8,8,none,,130,
1761179346.754480,127.0.0.1,49482,0x07f,TM,306,70,1,fixed:8,8,none,,56,
1761179346.756548,127.0.0.1,49482,0x0b3,TC,307,144,1,ns8,8,none,,130,
1761179346.758646,127.0.0.1,49482,0x07f,TM,307,70,1,fixed:8,8,none,,56,
1761179346.760770,127.0.0.1,49482,0x0b3,TC,308,144,1,ns8,8,none,,130,
1761179346.762912,127.0.0.1,49482,0x07f,TM,308,70,1,fixed:8,8,none,,56,
1761179346.764997,127.0.0.1,49482,0x0b3,TC,309,144,1,ns8,8,none,,130,
1761179346.767107,127.0.0.1,49482,0x07f,TM,309,70,1,fixed:8,8,none,,56,
1761179346.769166,127.0.0.1,49482,0x0b3,TC,310,144,1,ns8,8,none,,130,
1761179346.771310,127.0.0.1,49482,0x07f,TM,310,70,1,fixed:8,8,none,,56,
1761179346.773397,127.0.0.1,49482,0x0b3,TC,311,144,1,ns8,8,none,,130,
1761179346.775522,127.0.0.1,49482,0x07f,TM,311,70,1,fixed:8,8,none,,56,
1761179346.777638,127.0.0.1,49482,0x0b3,TC,312,144,1,ns8,8,none,,130,
1761179346.779747,127.0.0.1,49482,0x07f,TM,312,70,1,fixed:8,8,none,,56,
1761179346.781870,127.0.0.1,49482,0x0b3,TC,313,144,1,ns8,8,none,,130,
1761179346.783900,127.0.0.1,49482,0x07f,TM,313,70,1,fixed:8,8,none,,56,
1761179346.786054,127.0.0.1,49482,0x0b3,TC,314,144,1,ns8,8,none,,130,
1761179346.788092,127.0.0.1,49482,0x07f,TM,314,70,1,fixed:8,8,none,,56,
1761179346.790169,127.0.0.1,49482,0x0b3,TC,315,144,1,ns8,8,none,,130,
1761179346.792266,127.0.0.1,49482,0x07f,TM,315,70,1,fixed:8,8,none,,56,
1761179346.794399,127.0.0.1,49482,0x0b3,TC,316,144,1,ns8,8,none,,130,
1761179346.796496,127.0.0.1,49482,0x07f,TM,316,70,1,fixed:8,8,none,,56,
1761179346.798592,127.0.0.1,49482,0x0b3,TC,317,144,1,ns8,8,none,,130,
1761179346.800705,127.0.0.1,49482,0x07f,TM,317,70,1,fixed:8,8,none,,56,
1761179346.802809,127.0.0.1,49482,0x0b3,TC,318,144,1,ns8,8,none,,130,
1761179346.804992,127.0.0.1,49482,0x07f,TM,318,70,1,fixed:8,8,none,,56,
1761179346.807129,127.0.0.1,49482,0x0b3,TC,319,144,1,ns8,8,none,,130,
1761179346.809299,127.0.0.1,49482,0x07f,TM,319,70,1,fixed:8,8,none,,56,
1761179346.811502,127.0.0.1,49482,0x0b3,TC,320,144,1,ns8,8,none,,130,
1761179346.813598,127.0.0.1,49482,0x07f,TM,320,70,1,fixed:8,8,none,,56,
1761179346.815739,127.0.0.1,49482,0x0b3,TC,321,144,1,ns8,8,none,,130,
1761179346.817859,127.0.0.1,49482,0x07f,TM,321,70,1,fixed:8,8,none,,56,
1761179346.819919,127.0.0.1,49482,0x0b3,TC,322,144,1,ns8,8,none,,130,
1761179346.822134,127.0.0.1,49482,0x07f,TM,322,70,1,fixed:8,8,none,,56,
1761179346.824284,127.0.0.1,49482,0x0b3,TC,323,144,1,ns8,8,none,,130,
1761179346.826384,127.0.0.1,49482,0x07f,TM,323,70,1,fixed:8,8,none,,56,
1761179346.828552,127.0.0.1,49482,0x0b3,TC,324,144,1,ns8,8,none,,130,
1761179346.830813,127.0.0.1,49482,0x07f,TM,324,70,1,fixed:8,8,none,,56,
1761179346.833020,127.0.0.1,49482,0x0b3,TC,325,144,1,ns8,8,none,,130,
1761179346.835180,127.0.0.1,49482,0x07f,TM,325,70,1,fixed:8,8,none,,56,
1761179346.837345,127.0.0.1,49482,0x0b3,TC,326,144,1,ns8,8,none,,130,
1761179346.839533,127.0.0.1,49482,0x07f,TM,326,70,1,fixed:8,8,none,,56,
1761179346.841782,127.0.0.1,49482,0x0b3,TC,327,144,1,ns8,8,none,,130,
1761179346.844027,127.0.0.1,49482,0x07f,TM,327,70,1,fixed:8,8,none,,56,
1761179346.846255,127.0.0.1,49482,0x0b3,TC,328,144,1,ns8,8,none,,130,
1761179346.848412,127.0.0.1,49482,0x07f,TM,328,70,1,fixed:8,8,none,,56,
1761179346.850587,127.0.0.1,49482,0x0b3,TC,329,144,1,ns8,8,none,,130,
1761179346.852730,127.0.0.1,49482,0x07f,TM,329,70,1,fixed:8,8,none,,56,
1761179346.854977,127.0.0.1,49482,0x0b3,TC,330,144,1,ns8,8,none,,130,
1761179346.857135,127.0.0.1,49482,0x07f,TM,330,70,1,fixed:8,8,none,,56,
1761179346.859294,127.0.0.1,49482,0x0b3,TC,331,144,1,ns8,8,none,,130,
1761179346.861409,127.0.0.1,49482,0x07f,TM,331,70,1,fixed:8,8,none,,56,
1761179346.863569,127.0.0.1,49482,0x0b3,TC,332,144,1,ns8,8,none,,130,
1761179346.865699,127.0.0.1,49482,0x07f,TM,332,70,1,fixed:8,8,none,,56,
1761179346.867785,127.0.0.1,49482,0x0b3,TC,333,144,1,ns8,8,none,,130,
1761179346.869944,127.0.0.1,49482,0x07f,TM,333,70,1,fixed:8,8,none,,56,
1761179346.872141,127.0.0.1,49482,0x0b3,TC,334,144,1,ns8,8,none,,130,
1761179346.874247,127.0.0.1,49482,0x07f,TM,334,70,1,fixed:8,8,none,,56,
1761179346.876437,127.0.0.1,49482,0x0b3,TC,335,144,1,ns8,8,none,,130,
1761179346.878669,127.0.0.1,49482,0x07f,TM,335,70,1,fixed:8,8,none,,56,
1761179346.880800,127.0.0.1,49482,0x0b3,TC,336,144,1,ns8,8,none,,130,
1761179346.882899,127.0.0.1,49482,0x07f,TM,336,70,1,fixed:8,8,none,,56,
1761179346.884992,127.0.0.1,49482,0x0b3,TC,337,144,1,ns8,8,none,,130,
1761179346.887141,127.0.0.1,49482,0x07f,TM,337,70,1,fixed:8,8,none,,56,
1761179346.889235,127.0.0.1,49482,0x0b3,TC,338,144,1,ns8,8,none,,130,
1761179346.891438,127.0.0.1,49482,0x07f,TM,338,70,1,fixed:8,8,none,,56,
1761179346.893542,127.0.0.1,49482,0x0b3,TC,339,144,1,ns8,8,none,,130,
1761179346.895651,127.0.0.1,49482,0x07f,TM,339,70,1,fixed:8,8,none,,56,
1761179346.897862,127.0.0.1,49482,0x0b3,TC,340,144,1,ns8,8,none,,130,
1761179346.899918,127.0.0.1,49482,0x07f,TM,340,70,1,fixed:8,8,none,,56,
1761179346.901991,127.0.0.1,49482,0x0b3,TC,341,144,1,ns8,8,none,,130,
1761179346.904080,127.0.0.1,49482,0x07f,TM,341,70,1,fixed:8,8,none,,56,
1761179346.906178,127.0.0.1,49482,0x0b3,TC,342,144,1,ns8,8,none,,130,
1761179346.908257,127.0.0.1,49482,0x07f,TM,342,70,1,fixed:8,8,none,,56,
1761179346.910402,127.0.0.1,49482,0x0b3,TC,343,144,1,ns8,8,none,,130,
1761179346.912632,127.0.0.1,49482,0x07f,TM,343,70,1,fixed:8,8,none,,56,
1761179346.914794,127.0.0.1,49482,0x0b3,TC,344,144,1,ns8,8,none,,130,
1761179346.916922,127.0.0.1,49482,0x07f,TM,344,70,1,fixed:8,8,none,,56,
1761179346.919029,127.0.0.1,49482,0x0b3,TC,345,144,1,ns8,8,none,,130,
1761179346.921180,127.0.0.1,49482,0x07f,TM,345,70,1,fixed:8,8,none,,56,
1761179346.923292,127.0.0.1,49482,0x0b3,TC,346,144,1,ns8,8,none,,130,
1761179346.925608,127.0.0.1,49482,0x07f,TM,346,70,1,fixed:8,8,none,,56,
1761179346.927850,127.0.0.1,49482,0x0b3,TC,347,144,1,ns8,8,none,,130,
1761179346.929988,127.0.0.1,49482,0x07f,TM,347,70,1,fixed:8,8,none,,56,
1761179346.932194,127.0.0.1,49482,0x0b3,TC,348,144,1,ns8,8,none,,130,
1761179346.934388,127.0.0.1,49482,0x07f,TM,348,70,1,fixed:8,8,none,,56,
1761179346.936525,127.0.0.1,49482,0x0b3,TC,349,144,1,ns8,8,none,,130,
1761179346.938630,127.0.0.1,49482,0x07f,TM,349,70,1,fixed:8,8,none,,56,
1761179346.940745,127.0.0.1,49482,0x0b3,TC,350,144,1,ns8,8,none,,130,
1761179346.943012,127.0.0.1,49482,0x07f,TM,350,70,1,fixed:8,8,none,,56,
1761179346.945130,127.0.0.1,49482,0x0b3,TC,351,144,1,ns8,8,none,,130,
1761179346.947368,127.0.0.1,49482,0x07f,TM,351,70,1,fixed:8,8,none,,56,
1761179346.949684,127.0.0.1,49482,0x0b3,TC,352,144,1,ns8,8,none,,130,
1761179346.951811,127.0.0.1,49482,0x07f,TM,352,70,1,fixed:8,8,none,,56,
1761179346.953886,127.0.0.1,49482,0x0b3,TC,353,144,1,ns8,8,none,,130,
1761179346.956122,127.0.0.1,49482,0x07f,TM,353,70,1,fixed:8,8,none,,56,
1761179346.958286,127.0.0.1,49482,0x0b3,TC,354,144,1,ns8,8,none,,130,
1761179346.960458,127.0.0.1,49482,0x07f,TM,354,70,1,fixed:8,8,none,,56,
1761179346.962690,127.0.0.1,49482,0x0b3,TC,355,144,1,ns8,8,none,,130,
1761179346.964988,127.0.0.1,49482,0x07f,TM,355,70,1,fixed:8,8,none,,56,
1761179346.967178,127.0.0.1,49482,0x0b3,TC,356,144,1,ns8,8,none,,130,
1761179346.969417,127.0.0.1,49482,0x07f,TM,356,70,1,fixed:8,8,none,,56,
1761179346.971749,127.0.0.1,49482,0x0b3,TC,357,144,1,ns8,8,none,,130,
1761179346.974065,127.0.0.1,49482,0x07f,TM,357,70,1,fixed:8,8,none,,56,
1761179346.976297,127.0.0.1,49482,0x0b3,TC,358,144,1,ns8,8,none,,130,
1761179346.978528,127.0.0.1,49482,0x07f,TM,358,70,1,fixed:8,8,none,,56,
1761179346.980764,127.0.0.1,49482,0x0b3,TC,359,144,1,ns8,8,none,,130,
1761179346.983067,127.0.0.1,49482,0x07f,TM,359,70,1,fixed:8,8,none,,56,
1761179346.985190,127.0.0.1,49482,0x0b3,TC,360,144,1,ns8,8,none,,130,
1761179346.987325,127.0.0.1,49482,0x07f,TM,360,70,1,fixed:8,8,none,,56,
1761179346.989557,127.0.0.1,49482,0x0b3,TC,361,144,1,ns8,8,none,,130,
1761179346.991759,127.0.0.1,49482,0x07f,TM,361,70,1,fixed:8,8,none,,56,
1761179346.993999,127.0.0.1,49482,0x0b3,TC,362,144,1,ns8,8,none,,130,
1761179346.996180,127.0.0.1,49482,0x07f,TM,362,70,1,fixed:8,8,none,,56,
1761179346.998338,127.0.0.1,49482,0x0b3,TC,363,144,1,ns8,8,none,,130,
1761179347.000491,127.0.0.1,49482,0x07f,TM,363,70,1,fixed:8,8,none,,56,
1761179347.002620,127.0.0.1,49482,0x0b3,TC,364,144,1,ns8,8,none,,130,
1761179347.004784,127.0.0.1,49482,0x07f,TM,364,70,1,fixed:8,8,none,,56,
1761179347.006899,127.0.0.1,49482,0x0b3,TC,365,144,1,ns8,8,none,,130,
1761179347.009012,127.0.0.1,49482,0x07f,TM,365,70,1,fixed:8,8,none,,56,
1761179347.011121,127.0.0.1,49482,0x0b3,TC,366,144,1,ns8,8,none,,130,
1761179347.013236,127.0.0.1,49482,0x07f,TM,366,70,1,fixed:8,8,none,,56,
1761179347.015330,127.0.0.1,49482,0x0b3,TC,367,144,1,ns8,8,none,,130,
1761179347.017452,127.0.0.1,49482,0x07f,TM,367,70,1,fixed:8,8,none,,56,
1761179347.019699,127.0.0.1,49482,0x0b3,TC,368,144,1,ns8,8,none,,130,
1761179347.021945,127.0.0.1,49482,0x07f,TM,368,70,1,fixed:8,8,none,,56,
1761179347.024118,127.0.0.1,49482,0x0b3,TC,369,144,1,ns8,8,none,,130,
1761179347.026227,127.0.0.1,49482,0x07f,TM,369,70,1,fixed:8,8,none,,56,
1761179347.028332,127.0.0.1,49482,0x0b3,TC,370,144,1,ns8,8,none,,130,
1761179347.030542,127.0.0.1,49482,0x07f,TM,370,70,1,fixed:8,8,none,,56,
1761179347.032699,127.0.0.1,49482,0x0b3,TC,371,144,1,ns8,8,none,,130,
1761179347.034833,127.0.0.1,49482,0x07f,TM,371,70,1,fixed:8,8,none,,56,
1761179347.036962,127.0.0.1,49482,0x0b3,TC,372,144,1,ns8,8,none,,130,
1761179347.039068,127.0.0.1,49482,0x07f,TM,372,70,1,fixed:8,8,none,,56,
1761179347.041161,127.0.0.1,49482,0x0b3,TC,373,144,1,ns8,8,none,,130,
1761179347.043326,127.0.0.1,49482,0x07f,TM,373,70,1,fixed:8,8,none,,56,
1761179347.045486,127.0.0.1,49482,0x0b3,TC,374,144,1,ns8,8,none,,130,
1761179347.047615,127.0.0.1,49482,0x07f,TM,374,70,1,fixed:8,8,none,,56,
1761179347.049739,127.0.0.1,49482,0x0b3,TC,375,144,1,ns8,8,none,,130,
1761179347.052011,127.0.0.1,49482,0x07f,TM,375,70,1,fixed:8,8,none,,56,
1761179347.054285,127.0.0.1,49482,0x0b3,TC,376,144,1,ns8,8,none,,130,
1761179347.056419,127.0.0.1,49482,0x07f,TM,376,70,1,fixed:8,8,none,,56,
1761179347.058690,127.0.0.1,49482,0x0b3,TC,377,144,1,ns8,8,none,,130,
1761179347.060894,127.0.0.1,49482,0x07f,TM,377,70,1,fixed:8,8,none,,56,
1761179347.063046,127.0.0.1,49482,0x0b3,TC,378,144,1,ns8,8,none,,130,
1761179347.065214,127.0.0.1,49482,0x07f,TM,378,70,1,fixed:8,8,none,,56,
1761179347.067356,127.0.0.1,49482,0x0b3,TC,379,144,1,ns8,8,none,,130,
1761179347.069483,127.0.0.1,49482,0x07f,TM,379,70,1,fixed:8,8,none,,56,
1761179347.071635,127.0.0.1,49482,0x0b3,TC,380,144,1,ns8,8,none,,130,
1761179347.073763,127.0.0.1,49482,0x07f,TM,380,70,1,fixed:8,8,none,,56,
1761179347.075965,127.0.0.1,49482,0x0b3,TC,381,144,1,ns8,8,none,,130,
1761179347.078135,127.0.0.1,49482,0x07f,TM,381,70,1,fixed:8,8,none,,56,
1761179347.080291,127.0.0.1,49482,0x0b3,TC,382,144,1,ns8,8,none,,130,
1761179347.082492,127.0.0.1,49482,0x07f,TM,382,70,1,fixed:8,8,none,,56,
1761179347.084767,127.0.0.1,49482,0x0b3,TC,383,144,1,ns8,8,none,,130,
1761179347.086903,127.0.0.1,49482,0x07f,TM,383,70,1,fixed:8,8,none,,56,
1761179347.089032,127.0.0.1,49482,0x0b3,TC,384,144,1,ns8,8,none,,130,
1761179347.091202,127.0.0.1,49482,0x07f,TM,384,70,1,fixed:8,8,none,,56,
1761179347.093405,127.0.0.1,49482,0x0b3,TC,385,144,1,ns8,8,none,,130,
1761179347.095591,127.0.0.1,49482,0x07f,TM,385,70,1,fixed:8,8,none,,56,
1761179347.097801,127.0.0.1,49482,0x0b3,TC,386,144,1,ns8,8,none,,130,
1761179347.099919,127.0.0.1,49482,0x07f,TM,386,70,1,fixed:8,8,none,,56,
1761179347.102022,127.0.0.1,49482,0x0b3,TC,387,144,1,ns8,8,none,,130,
1761179347.104129,127.0.0.1,49482,0x07f,TM,387,70,1,fixed:8,8,none,,56,
1761179347.106259,127.0.0.1,49482,0x0b3,TC,388,144,1,ns8,8,none,,130,
1761179347.108448,127.0.0.1,49482,0x07f,TM,388,70,1,fixed:8,8,none,,56,
1761179347.110732,127.0.0.1,49482,0x0b3,TC,389,144,1,ns8,8,none,,130,
1761179347.112953,127.0.0.1,49482,0x07f,TM,389,70,1,fixed:8,8,none,,56,
1761179347.115181,127.0.0.1,49482,0x0b3,TC,390,144,1,ns8,8,none,,130,
1761179347.117377,127.0.0.1,49482,0x07f,TM,390,70,1,fixed:8,8,none,,56,
1761179347.119586,127.0.0.1,49482,0x0b3,TC,391,144,1,ns8,8,none,,130,
1761179347.121674,127.0.0.1,49482,0x07f,TM,391,70,1,fixed:8,8,none,,56,
1761179347.123847,127.0.0.1,49482,0x0b3,TC,392,144,1,ns8,8,none,,130,
1761179347.126000,127.0.0.1,49482,0x07f,TM,392,70,1,fixed:8,8,none,,56,
1761179347.128203,127.0.0.1,49482,0x0b3,TC,393,144,1,ns8,8,none,,130,
1761179347.130357,127.0.0.1,49482,0x07f,TM,393,70,1,fixed:8,8,none,,56,
1761179347.132440,127.0.0.1,49482,0x0b3,TC,394,144,1,ns8,8,none,,130,
1761179347.134564,127.0.0.1,49482,0x07f,TM,394,70,1,fixed:8,8,none,,56,
1761179347.136675,127.0.0.1,49482,0x0b3,TC,395,144,1,ns8,8,none,,130,
1761179347.138766,127.0.0.1,49482,0x07f,TM,395,70,1,fixed:8,8,none,,56,
1761179347.140829,127.0.0.1,49482,0x0b3,TC,396,144,1,ns8,8,none,,130,
1761179347.142910,127.0.0.1,49482,0x07f,TM,396,70,1,fixed:8,8,none,,56,
1761179347.145018,127.0.0.1,49482,0x0b3,TC,397,144,1,ns8,8,none,,130,
1761179347.147169,127.0.0.1,49482,0x07f,TM,397,70,1,fixed:8,8,none,,56,
1761179347.149235,127.0.0.1,49482,0x0b3,TC,398,144,1,ns8,8,none,,130,
1761179347.151373,127.0.0.1,49482,0x07f,TM,398,70,1,fixed:8,8,none,,56,
1761179347.153495,127.0.0.1,49482,0x0b3,TC,399,144,1,ns8,8,none,,130,
1761179347.155602,127.0.0.1,49482,0x07f,TM,399,70,1,fixed:8,8,none,,56,
1761179347.157705,127.0.0.1,49482,0x0b3,TC,400,144,1,ns8,8,none,,130,
1761179347.159808,127.0.0.1,49482,0x07f,TM,400,70,1,fixed:8,8,none,,56,
1761179347.161911,127.0.0.1,49482,0x0b3,TC,401,144,1,ns8,8,none,,130,
1761179347.164215,127.0.0.1,49482,0x07f,TM,401,70,1,fixed:8,8,none,,56,
1761179347.166358,127.0.0.1,49482,0x0b3,TC,402,144,1,ns8,8,none,,130,
1761179347.168510,127.0.0.1,49482,0x07f,TM,402,70,1,fixed:8,8,none,,56,
1761179347.170610,127.0.0.1,49482,0x0b3,TC,403,144,1,ns8,8,none,,130,
1761179347.172760,127.0.0.1,49482,0x07f,TM,403,70,1,fixed:8,8,none,,56,
1761179347.174912,127.0.0.1,49482,0x0b3,TC,404,144,1,ns8,8,none,,130,
1761179347.177068,127.0.0.1,49482,0x07f,TM,404,70,1,fixed:8,8,none,,56,
1761179347.179171,127.0.0.1,49482,0x0b3,TC,405,144,1,ns8,8,none,,130,
1761179347.181292,127.0.0.1,49482,0x07f,TM,405,70,1,fixed:8,8,none,,56,
1761179347.183467,127.0.0.1,49482,0x0b3,TC,406,144,1,ns8,8,none,,130,
1761179347.185581,127.0.0.1,49482,0x07f,TM,406,70,1,fixed:8,8,none,,56,
1761179347.187662,127.0.0.1,49482,0x0b3,TC,407,144,1,ns8,8,none,,130,
1761179347.189790,127.0.0.1,49482,0x07f,TM,407,70,1,fixed:8,8,none,,56,
1761179347.191914,127.0.0.1,49482,0x0b3,TC,408,144,1,ns8,8,none,,130,
1761179347.194081,127.0.0.1,49482,0x07f,TM,408,70,1,fixed:8,8,none,,56,
1761179347.196267,127.0.0.1,49482,0x0b3,TC,409,144,1,ns8,8,none,,130,
1761179347.198474,127.0.0.1,49482,0x07f,TM,409,70,1,fixed:8,8,none,,56,
1761179347.200611,127.0.0.1,49482,0x0b3,TC,410,144,1,ns8,8,none,,130,
1761179347.202706,127.0.0.1,49482,0x07f,TM,410,70,1,fixed:8,8,none,,56,
1761179347.204856,127.0.0.1,49482,0x0b3,TC,411,144,1,ns8,8,none,,130,
1761179347.206970,127.0.0.1,49482,0x07f,TM,411,70,1,fixed:8,8,none,,56,
1761179347.209134,127.0.0.1,49482,0x0b3,TC,412,144,1,ns8,8,none,,130,
1761179347.211279,127.0.0.1,49482,0x07f,TM,412,70,1,fixed:8,8,none,,56,
1761179347.213500,127.0.0.1,49482,0x0b3,TC,413,144,1,ns8,8,none,,130,
1761179347.215657,127.0.0.1,49482,0x07f,TM,413,70,1,fixed:8,8,none,,56,
1761179347.217870,127.0.0.1,49482,0x0b3,TC,414,144,1,ns8,8,none,,130,
1761179347.220008,127.0.0.1,49482,0x07f,TM,414,70,1,fixed:8,8,none,,56,
1761179347.222137,127.0.0.1,49482,0x0b3,TC,415,144,1,ns8,8,none,,130,
1761179347.224354,127.0.0.1,49482,0x07f,TM,415,70,1,fixed:8,8,none,,56,
1761179347.226611,127.0.0.1,49482,0x0b3,TC,416,144,1,ns8,8,none,,130,
1761179347.228769,127.0.0.1,49482,0x07f,TM,416,70,1,fixed:8,8,none,,56,
1761179347.230977,127.0.0.1,49482,0x0b3,TC,417,144,1,ns8,8,none,,130,
1761179347.233191,127.0.0.1,49482,0x07f,TM,417,70,1,fixed:8,8,none,,56,
1761179347.235380,127.0.0.1,49482,0x0b3,TC,418,144,1,ns8,8,none,,130,
1761179347.237546,127.0.0.1,49482,0x07f,TM,418,70,1,fixed:8,8,none,,56,
1761179347.239764,127.0.0.1,49482,0x0b3,TC,419,144,1,ns8,8,none,,130,
1761179347.241944,127.0.0.1,49482,0x07f,TM,419,70,1,fixed:8,8,none,,56,
1761179347.244069,127.0.0.1,49482,0x0b3,TC,420,144,1,ns8,8,none,,130,
1761179347.246195,127.0.0.1,49482,0x07f,TM,420,70,1,fixed:8,8,none,,56,
1761179347.248322,127.0.0.1,49482,0x0b3,TC,421,144,1,ns8,8,none,,130,
1761179347.250449,127.0.0.1,49482,0x07f,TM,421,70,1,fixed:8,8,none,,56,
1761179347.252617,127.0.0.1,49482,0x0b3,TC,422,144,1,ns8,8,none,,130,
1761179347.254835,127.0.0.1,49482,0x07f,TM,422,70,1,fixed:8,8,none,,56,
1761179347.256982,127.0.0.1,49482,0x0b3,TC,423,144,1,ns8,8,none,,130,
1761179347.259132,127.0.0.1,49482,0x07f,TM,423,70,1,fixed:8,8,none,,56,
1761179347.261368,127.0.0.1,49482,0x0b3,TC,424,144,1,ns8,8,none,,130,
1761179347.263546,127.0.0.1,49482,0x07f,TM,424,70,1,fixed:8,8,none,,56,
1761179347.265791,127.0.0.1,49482,0x0b3,TC,425,144,1,ns8,8,none,,130,
1761179347.267992,127.0.0.1,49482,0x07f,TM,425,70,1,fixed:8,8,none,,56,
1761179347.270128,127.0.0.1,49482,0x0b3,TC,426,144,1,ns8,8,none,,130,
1761179347.272240,127.0.0.1,49482,0x07f,TM,426,70,1,fixed:8,8,none,,56,
1761179347.274457,127.0.0.1,49482,0x0b3,TC,427,144,1,ns8,8,none,,130,
1761179347.276615,127.0.0.1,49482,0x07f,TM,427,70,1,fixed:8,8,none,,56,
1761179347.278758,127.0.0.1,49482,0x0b3,TC,428,144,1,ns8,8,none,,130,
1761179347.281011,127.0.0.1,49482,0x07f,TM,428,70,1,fixed:8,8,none,,56,
1761179347.283108,127.0.0.1,49482,0x0b3,TC,429,144,1,ns8,8,none,,130,
1761179347.285203,127.0.0.1,49482,0x07f,TM,429,70,1,fixed:8,8,none,,56,
1761179347.287326,127.0.0.1,49482,0x0b3,TC,430,144,1,ns8,8,none,,130,
1761179347.289474,127.0.0.1,49482,0x07f,TM,430,70,1,fixed:8,8,none,,56,
1761179347.291575,127.0.0.1,49482,0x0b3,TC,431,144,1,ns8,8,none,,130,
1761179347.293715,127.0.0.1,49482,0x07f,TM,431,70,1,fixed:8,8,none,,56,
1761179347.295864,127.0.0.1,49482,0x0b3,TC,432,144,1,ns8,8,none,,130,
1761179347.297919,127.0.0.1,49482,0x07f,TM,432,70,1,fixed:8,8,none,,56,
1761179347.300016,127.0.0.1,49482,0x0b3,TC,433,144,1,ns8,8,none,,130,
1761179347.302186,127.0.0.1,49482,0x07f,TM,433,70,1,fixed:8,8,none,,56,
1761179347.304255,127.0.0.1,49482,0x0b3,TC,434,144,1,ns8,8,none,,130,
1761179347.306466,127.0.0.1,49482,0x07f,TM,434,70,1,fixed:8,8,none,,56,
1761179347.308491,127.0.0.1,49482,0x0b3,TC,435,144,1,ns8,8,none,,130,
1761179347.310690,127.0.0.1,49482,0x07f,TM,435,70,1,fixed:8,8,none,,56,
1761179347.312809,127.0.0.1,49482,0x0b3,TC,436,144,1,ns8,8,none,,130,
1761179347.314980,127.0.0.1,49482,0x07f,TM,436,70,1,fixed:8,8,none,,56,
1761179347.317112,127.0.0.1,49482,0x0b3,TC,437,144,1,ns8,8,none,,130,
1761179347.319234,127.0.0.1,49482,0x07f,TM,437,70,1,fixed:8,8,none,,56,
1761179347.321341,127.0.0.1,49482,0x0b3,TC,438,144,1,ns8,8,none,,130,
1761179347.323457,127.0.0.1,49482,0x07f,TM,438,70,1,fixed:8,8,none,,56,
1761179347.325567,127.0.0.1,49482,0x0b3,TC,439,144,1,ns8,8,none,,130,
1761179347.327672,127.0.0.1,49482,0x07f,TM,439,70,1,fixed:8,8,none,,56,
1761179347.329806,127.0.0.1,49482,0x0b3,TC,440,144,1,ns8,8,none,,130,
1761179347.331935,127.0.0.1,49482,0x07f,TM,440,70,1,fixed:8,8,none,,56,
1761179347.334015,127.0.0.1,49482,0x0b3,TC,441,144,1,ns8,8,none,,130,
1761179347.336118,127.0.0.1,49482,0x07f,TM,441,70,1,fixed:8,8,none,,56,
1761179347.338224,127.0.0.1,49482,0x0b3,TC,442,144,1,ns8,8,none,,130,
1761179347.340339,127.0.0.1,49482,0x07f,TM,442,70,1,fixed:8,8,none,,56,
1761179347.342446,127.0.0.1,49482,0x0b3,TC,443,144,1,ns8,8,none,,130,
1761179347.344566,127.0.0.1,49482,0x07f,TM,443,70,1,fixed:8,8,none,,56,
1761179347.346692,127.0.0.1,49482,0x0b3,TC,444,144,1,ns8,8,none,,130,
1761179347.348804,127.0.0.1,49482,0x07f,TM,444,70,1,fixed:8,8,none,,56,
1761179347.350977,127.0.0.1,49482,0x0b3,TC,445,144,1,ns8,8,none,,130,
1761179347.353033,127.0.0.1,49482,0x07f,TM,445,70,1,fixed:8,8,none,,56,
1761179347.355132,127.0.0.1,49482,0x0b3,TC,446,144,1,ns8,8,none,,130,
1761179347.357225,127.0.0.1,49482,0x07f,TM,446,70,1,fixed:8,8,none,,56,
1761179347.359328,127.0.0.1,49482,0x0b3,TC,447,144,1,ns8,8,none,,130,
1761179347.361453,127.0.0.1,49482,0x07f,TM,447,70,1,fixed:8,8,none,,56,
1761179347.363573,127.0.0.1,49482,0x0b3,TC,448,144,1,ns8,8,none,,130,
1761179347.365685,127.0.0.1,49482,0x07f,TM,448,70,1,fixed:8,8,none,,56,
1761179347.367793,127.0.0.1,49482,0x0b3,TC,449,144,1,ns8,8,none,,130,
1761179347.369916,127.0.0.1,49482,0x07f,TM,449,70,1,fixed:8,8,none,,56,
1761179347.372003,127.0.0.1,49482,0x0b3,TC,450,144,1,ns8,8,none,,130,
1761179347.374091,127.0.0.1,49482,0x07f,TM,450,70,1,fixed:8,8,none,,56,
1761179347.376150,127.0.0.1,49482,0x0b3,TC,451,144,1,ns8,8,none,,130,
1761179347.378303,127.0.0.1,49482,0x07f,TM,451,70,1,fixed:8,8,none,,56,
1761179347.380401,127.0.0.1,49482,0x0b3,TC,452,144,1,ns8,8,none,,130,
1761179347.382522,127.0.0.1,49482,0x07f,TM,452,70,1,fixed:8,8,none,,56,
1761179347.384622,127.0.0.1,49482,0x0b3,TC,453,144,1,ns8,8,none,,130,
1761179347.386726,127.0.0.1,49482,0x07f,TM,453,70,1,fixed:8,8,none,,56,
1761179347.388836,127.0.0.1,49482,0x0b3,TC,454,144,1,ns8,8,none,,130,
1761179347.390937,127.0.0.1,49482,0x07f,TM,454,70,1,fixed:8,8,none,,56,
1761179347.393025,127.0.0.1,49482,0x0b3,TC,455,144,1,ns8,8,none,,130,
1761179347.395108,127.0.0.1,49482,0x07f,TM,455,70,1,fixed:8,8,none,,56,
1761179347.397224,127.0.0.1,49482,0x0b3,TC,456,144,1,ns8,8,none,,130,
1761179347.399328,127.0.0.1,49482,0x07f,TM,456,70,1,fixed:8,8,none,,56,
